"nombreComunidad","fecha","positivos"
"La Rioja","31/01/2020","0"
"La Rioja","01/02/2020","0"
"La Rioja","02/02/2020","0"
"La Rioja","03/02/2020","1"
"La Rioja","04/02/2020","0"
"La Rioja","05/02/2020","0"
"La Rioja","06/02/2020","0"
"La Rioja","07/02/2020","0"
"La Rioja","08/02/2020","0"
"La Rioja","09/02/2020","0"
"La Rioja","10/02/2020","0"
"La Rioja","11/02/2020","0"
"La Rioja","12/02/2020","0"
"La Rioja","13/02/2020","0"
"La Rioja","14/02/2020","0"
"La Rioja","15/02/2020","0"
"La Rioja","16/02/2020","0"
"La Rioja","17/02/2020","0"
"La Rioja","18/02/2020","0"
"La Rioja","19/02/2020","0"
"La Rioja","20/02/2020","0"
"La Rioja","21/02/2020","1"
"La Rioja","22/02/2020","0"
"La Rioja","23/02/2020","1"
"La Rioja","24/02/2020","2"
"La Rioja","25/02/2020","2"
"La Rioja","26/02/2020","4"
"La Rioja","27/02/2020","9"
"La Rioja","28/02/2020","10"
"La Rioja","29/02/2020","13"
"La Rioja","01/03/2020","22"
"La Rioja","02/03/2020","30"
"La Rioja","03/03/2020","28"
"La Rioja","04/03/2020","25"
"La Rioja","05/03/2020","27"
"La Rioja","06/03/2020","45"
"La Rioja","07/03/2020","39"
"La Rioja","08/03/2020","41"
"La Rioja","09/03/2020","60"
"La Rioja","10/03/2020","88"
"La Rioja","11/03/2020","71"
"La Rioja","12/03/2020","74"
"La Rioja","13/03/2020","107"
"La Rioja","14/03/2020","138"
"La Rioja","15/03/2020","111"
"La Rioja","16/03/2020","157"
"La Rioja","17/03/2020","122"
"La Rioja","18/03/2020","143"
"La Rioja","19/03/2020","168"
"La Rioja","20/03/2020","191"
"La Rioja","21/03/2020","133"
"La Rioja","22/03/2020","108"
"La Rioja","23/03/2020","158"
"La Rioja","24/03/2020","118"
"La Rioja","25/03/2020","133"
"La Rioja","26/03/2020","114"
"La Rioja","27/03/2020","129"
"La Rioja","28/03/2020","100"
"La Rioja","29/03/2020","87"
"La Rioja","30/03/2020","117"
"La Rioja","31/03/2020","108"
"La Rioja","01/04/2020","108"
"La Rioja","02/04/2020","100"
"La Rioja","03/04/2020","79"
"La Rioja","04/04/2020","55"
"La Rioja","05/04/2020","36"
"La Rioja","06/04/2020","41"
"La Rioja","07/04/2020","52"
"La Rioja","08/04/2020","45"
"La Rioja","09/04/2020","44"
"La Rioja","10/04/2020","40"
"La Rioja","11/04/2020","25"
"La Rioja","12/04/2020","22"
"La Rioja","13/04/2020","29"
"La Rioja","14/04/2020","24"
"La Rioja","15/04/2020","16"
"La Rioja","16/04/2020","29"
"La Rioja","17/04/2020","25"
"La Rioja","18/04/2020","17"
"La Rioja","19/04/2020","14"
"La Rioja","20/04/2020","9"
"La Rioja","21/04/2020","6"
"La Rioja","22/04/2020","15"
"La Rioja","23/04/2020","13"
"La Rioja","24/04/2020","4"
"La Rioja","25/04/2020","5"
"La Rioja","26/04/2020","4"
"La Rioja","27/04/2020","4"
"La Rioja","28/04/2020","10"
"La Rioja","29/04/2020","5"
"La Rioja","30/04/2020","2"
"La Rioja","01/05/2020","1"
"La Rioja","02/05/2020","2"
"La Rioja","03/05/2020","2"
"La Rioja","04/05/2020","2"
"La Rioja","05/05/2020","0"
"La Rioja","06/05/2020","0"
"La Rioja","07/05/2020","1"
"La Rioja","08/05/2020","1"
"La Rioja","09/05/2020","0"
"La Rioja","10/05/2020","1"
"La Rioja","11/05/2020","4"
"La Rioja","12/05/2020","3"
"La Rioja","13/05/2020","5"
"La Rioja","14/05/2020","4"
"La Rioja","15/05/2020","3"
"La Rioja","16/05/2020","2"
"La Rioja","17/05/2020","0"
"La Rioja","18/05/2020","5"
"La Rioja","19/05/2020","5"
"La Rioja","20/05/2020","4"
"La Rioja","21/05/2020","4"
"La Rioja","22/05/2020","2"
"La Rioja","23/05/2020","2"
"La Rioja","24/05/2020","0"
"La Rioja","25/05/2020","4"
"La Rioja","26/05/2020","0"
"La Rioja","27/05/2020","1"
"La Rioja","28/05/2020","1"
"La Rioja","29/05/2020","2"
"La Rioja","30/05/2020","1"
"La Rioja","31/05/2020","0"
"La Rioja","01/06/2020","3"
"La Rioja","02/06/2020","1"
"La Rioja","03/06/2020","2"
"La Rioja","04/06/2020","1"
"La Rioja","05/06/2020","2"
"La Rioja","06/06/2020","2"
"La Rioja","07/06/2020","1"
"La Rioja","08/06/2020","0"
"La Rioja","09/06/2020","1"
"La Rioja","10/06/2020","0"
"La Rioja","11/06/2020","1"
"La Rioja","12/06/2020","0"
"La Rioja","13/06/2020","2"
"La Rioja","14/06/2020","1"
"La Rioja","15/06/2020","0"
"La Rioja","16/06/2020","1"
"La Rioja","17/06/2020","0"
"La Rioja","18/06/2020","1"
"La Rioja","19/06/2020","0"
"La Rioja","20/06/2020","1"
"La Rioja","21/06/2020","0"
"La Rioja","22/06/2020","0"
"La Rioja","23/06/2020","1"
"La Rioja","24/06/2020","1"
"La Rioja","25/06/2020","0"
"La Rioja","26/06/2020","0"
"La Rioja","27/06/2020","0"
"La Rioja","28/06/2020","1"
"La Rioja","29/06/2020","1"
"La Rioja","30/06/2020","0"
"La Rioja","01/07/2020","0"
"La Rioja","02/07/2020","0"
"La Rioja","03/07/2020","0"
"La Rioja","04/07/2020","0"
"La Rioja","05/07/2020","1"
"La Rioja","06/07/2020","0"
"La Rioja","07/07/2020","4"
"La Rioja","08/07/2020","5"
"La Rioja","09/07/2020","1"
"La Rioja","10/07/2020","9"
"La Rioja","11/07/2020","3"
"La Rioja","12/07/2020","2"
"La Rioja","13/07/2020","2"
"La Rioja","14/07/2020","4"
"La Rioja","15/07/2020","0"
"La Rioja","16/07/2020","3"
"Pais Vasco","31/01/2020","0"
"Pais Vasco","01/02/2020","0"
"Pais Vasco","02/02/2020","0"
"Pais Vasco","03/02/2020","0"
"Pais Vasco","04/02/2020","0"
"Pais Vasco","05/02/2020","0"
"Pais Vasco","06/02/2020","0"
"Pais Vasco","07/02/2020","0"
"Pais Vasco","08/02/2020","0"
"Pais Vasco","09/02/2020","1"
"Pais Vasco","10/02/2020","0"
"Pais Vasco","11/02/2020","0"
"Pais Vasco","12/02/2020","2"
"Pais Vasco","13/02/2020","0"
"Pais Vasco","14/02/2020","0"
"Pais Vasco","15/02/2020","3"
"Pais Vasco","16/02/2020","1"
"Pais Vasco","17/02/2020","2"
"Pais Vasco","18/02/2020","0"
"Pais Vasco","19/02/2020","1"
"Pais Vasco","20/02/2020","1"
"Pais Vasco","21/02/2020","3"
"Pais Vasco","22/02/2020","4"
"Pais Vasco","23/02/2020","1"
"Pais Vasco","24/02/2020","6"
"Pais Vasco","25/02/2020","12"
"Pais Vasco","26/02/2020","11"
"Pais Vasco","27/02/2020","14"
"Pais Vasco","28/02/2020","33"
"Pais Vasco","29/02/2020","24"
"Pais Vasco","01/03/2020","47"
"Pais Vasco","02/03/2020","56"
"Pais Vasco","03/03/2020","58"
"Pais Vasco","04/03/2020","69"
"Pais Vasco","05/03/2020","75"
"Pais Vasco","06/03/2020","81"
"Pais Vasco","07/03/2020","92"
"Pais Vasco","08/03/2020","101"
"Pais Vasco","09/03/2020","143"
"Pais Vasco","10/03/2020","227"
"Pais Vasco","11/03/2020","227"
"Pais Vasco","12/03/2020","272"
"Pais Vasco","13/03/2020","427"
"Pais Vasco","14/03/2020","420"
"Pais Vasco","15/03/2020","433"
"Pais Vasco","16/03/2020","599"
"Pais Vasco","17/03/2020","539"
"Pais Vasco","18/03/2020","553"
"Pais Vasco","19/03/2020","465"
"Pais Vasco","20/03/2020","612"
"Pais Vasco","21/03/2020","433"
"Pais Vasco","22/03/2020","393"
"Pais Vasco","23/03/2020","483"
"Pais Vasco","24/03/2020","396"
"Pais Vasco","25/03/2020","409"
"Pais Vasco","26/03/2020","365"
"Pais Vasco","27/03/2020","397"
"Pais Vasco","28/03/2020","290"
"Pais Vasco","29/03/2020","268"
"Pais Vasco","30/03/2020","321"
"Pais Vasco","31/03/2020","266"
"Pais Vasco","01/04/2020","288"
"Pais Vasco","02/04/2020","256"
"Pais Vasco","03/04/2020","330"
"Pais Vasco","04/04/2020","216"
"Pais Vasco","05/04/2020","229"
"Pais Vasco","06/04/2020","298"
"Pais Vasco","07/04/2020","241"
"Pais Vasco","08/04/2020","243"
"Pais Vasco","09/04/2020","214"
"Pais Vasco","10/04/2020","199"
"Pais Vasco","11/04/2020","140"
"Pais Vasco","12/04/2020","153"
"Pais Vasco","13/04/2020","130"
"Pais Vasco","14/04/2020","104"
"Pais Vasco","15/04/2020","109"
"Pais Vasco","16/04/2020","128"
"Pais Vasco","17/04/2020","150"
"Pais Vasco","18/04/2020","108"
"Pais Vasco","19/04/2020","54"
"Pais Vasco","20/04/2020","82"
"Pais Vasco","21/04/2020","78"
"Pais Vasco","22/04/2020","65"
"Pais Vasco","23/04/2020","66"
"Pais Vasco","24/04/2020","97"
"Pais Vasco","25/04/2020","47"
"Pais Vasco","26/04/2020","42"
"Pais Vasco","27/04/2020","30"
"Pais Vasco","28/04/2020","49"
"Pais Vasco","29/04/2020","39"
"Pais Vasco","30/04/2020","33"
"Pais Vasco","01/05/2020","40"
"Pais Vasco","02/05/2020","50"
"Pais Vasco","03/05/2020","35"
"Pais Vasco","04/05/2020","18"
"Pais Vasco","05/05/2020","21"
"Pais Vasco","06/05/2020","24"
"Pais Vasco","07/05/2020","23"
"Pais Vasco","08/05/2020","26"
"Pais Vasco","09/05/2020","20"
"Pais Vasco","10/05/2020","10"
"Pais Vasco","11/05/2020","24"
"Pais Vasco","12/05/2020","22"
"Pais Vasco","13/05/2020","26"
"Pais Vasco","14/05/2020","16"
"Pais Vasco","15/05/2020","14"
"Pais Vasco","16/05/2020","17"
"Pais Vasco","17/05/2020","6"
"Pais Vasco","18/05/2020","16"
"Pais Vasco","19/05/2020","11"
"Pais Vasco","20/05/2020","10"
"Pais Vasco","21/05/2020","11"
"Pais Vasco","22/05/2020","9"
"Pais Vasco","23/05/2020","6"
"Pais Vasco","24/05/2020","3"
"Pais Vasco","25/05/2020","6"
"Pais Vasco","26/05/2020","9"
"Pais Vasco","27/05/2020","2"
"Pais Vasco","28/05/2020","6"
"Pais Vasco","29/05/2020","3"
"Pais Vasco","30/05/2020","7"
"Pais Vasco","31/05/2020","0"
"Pais Vasco","01/06/2020","7"
"Pais Vasco","02/06/2020","12"
"Pais Vasco","03/06/2020","10"
"Pais Vasco","04/06/2020","9"
"Pais Vasco","05/06/2020","11"
"Pais Vasco","06/06/2020","12"
"Pais Vasco","07/06/2020","21"
"Pais Vasco","08/06/2020","15"
"Pais Vasco","09/06/2020","12"
"Pais Vasco","10/06/2020","7"
"Pais Vasco","11/06/2020","10"
"Pais Vasco","12/06/2020","15"
"Pais Vasco","13/06/2020","9"
"Pais Vasco","14/06/2020","6"
"Pais Vasco","15/06/2020","14"
"Pais Vasco","16/06/2020","10"
"Pais Vasco","17/06/2020","8"
"Pais Vasco","18/06/2020","12"
"Pais Vasco","19/06/2020","11"
"Pais Vasco","20/06/2020","4"
"Pais Vasco","21/06/2020","6"
"Pais Vasco","22/06/2020","7"
"Pais Vasco","23/06/2020","5"
"Pais Vasco","24/06/2020","13"
"Pais Vasco","25/06/2020","5"
"Pais Vasco","26/06/2020","10"
"Pais Vasco","27/06/2020","5"
"Pais Vasco","28/06/2020","7"
"Pais Vasco","29/06/2020","8"
"Pais Vasco","30/06/2020","14"
"Pais Vasco","01/07/2020","6"
"Pais Vasco","02/07/2020","8"
"Pais Vasco","03/07/2020","13"
"Pais Vasco","04/07/2020","6"
"Pais Vasco","05/07/2020","14"
"Pais Vasco","06/07/2020","25"
"Pais Vasco","07/07/2020","25"
"Pais Vasco","08/07/2020","35"
"Pais Vasco","09/07/2020","26"
"Pais Vasco","10/07/2020","21"
"Pais Vasco","11/07/2020","27"
"Pais Vasco","12/07/2020","29"
"Pais Vasco","13/07/2020","22"
"Pais Vasco","14/07/2020","23"
"Pais Vasco","15/07/2020","33"
"Pais Vasco","16/07/2020","24"
"Cataluña","31/01/2020","0"
"Cataluña","01/02/2020","7"
"Cataluña","02/02/2020","2"
"Cataluña","03/02/2020","2"
"Cataluña","04/02/2020","4"
"Cataluña","05/02/2020","2"
"Cataluña","06/02/2020","1"
"Cataluña","07/02/2020","2"
"Cataluña","08/02/2020","0"
"Cataluña","09/02/2020","1"
"Cataluña","10/02/2020","3"
"Cataluña","11/02/2020","2"
"Cataluña","12/02/2020","5"
"Cataluña","13/02/2020","10"
"Cataluña","14/02/2020","1"
"Cataluña","15/02/2020","9"
"Cataluña","16/02/2020","5"
"Cataluña","17/02/2020","2"
"Cataluña","18/02/2020","4"
"Cataluña","19/02/2020","1"
"Cataluña","20/02/2020","11"
"Cataluña","21/02/2020","14"
"Cataluña","22/02/2020","11"
"Cataluña","23/02/2020","8"
"Cataluña","24/02/2020","14"
"Cataluña","25/02/2020","21"
"Cataluña","26/02/2020","30"
"Cataluña","27/02/2020","15"
"Cataluña","28/02/2020","35"
"Cataluña","29/02/2020","27"
"Cataluña","01/03/2020","87"
"Cataluña","02/03/2020","81"
"Cataluña","03/03/2020","90"
"Cataluña","04/03/2020","149"
"Cataluña","05/03/2020","174"
"Cataluña","06/03/2020","269"
"Cataluña","07/03/2020","293"
"Cataluña","08/03/2020","331"
"Cataluña","09/03/2020","567"
"Cataluña","10/03/2020","797"
"Cataluña","11/03/2020","760"
"Cataluña","12/03/2020","1030"
"Cataluña","13/03/2020","1363"
"Cataluña","14/03/2020","1321"
"Cataluña","15/03/2020","1368"
"Cataluña","16/03/2020","1705"
"Cataluña","17/03/2020","1565"
"Cataluña","18/03/2020","1682"
"Cataluña","19/03/2020","1608"
"Cataluña","20/03/2020","1895"
"Cataluña","21/03/2020","1457"
"Cataluña","22/03/2020","1309"
"Cataluña","23/03/2020","1507"
"Cataluña","24/03/2020","1411"
"Cataluña","25/03/2020","1323"
"Cataluña","26/03/2020","1387"
"Cataluña","27/03/2020","1252"
"Cataluña","28/03/2020","1326"
"Cataluña","29/03/2020","1041"
"Cataluña","30/03/2020","1202"
"Cataluña","31/03/2020","1131"
"Cataluña","01/04/2020","1281"
"Cataluña","02/04/2020","1061"
"Cataluña","03/04/2020","1209"
"Cataluña","04/04/2020","968"
"Cataluña","05/04/2020","844"
"Cataluña","06/04/2020","816"
"Cataluña","07/04/2020","743"
"Cataluña","08/04/2020","994"
"Cataluña","09/04/2020","1048"
"Cataluña","10/04/2020","1008"
"Cataluña","11/04/2020","1059"
"Cataluña","12/04/2020","666"
"Cataluña","13/04/2020","596"
"Cataluña","14/04/2020","720"
"Cataluña","15/04/2020","745"
"Cataluña","16/04/2020","712"
"Cataluña","17/04/2020","607"
"Cataluña","18/04/2020","451"
"Cataluña","19/04/2020","264"
"Cataluña","20/04/2020","365"
"Cataluña","21/04/2020","199"
"Cataluña","22/04/2020","322"
"Cataluña","23/04/2020","272"
"Cataluña","24/04/2020","271"
"Cataluña","25/04/2020","173"
"Cataluña","26/04/2020","138"
"Cataluña","27/04/2020","143"
"Cataluña","28/04/2020","158"
"Cataluña","29/04/2020","150"
"Cataluña","30/04/2020","188"
"Cataluña","01/05/2020","161"
"Cataluña","02/05/2020","153"
"Cataluña","03/05/2020","138"
"Cataluña","04/05/2020","114"
"Cataluña","05/05/2020","64"
"Cataluña","06/05/2020","51"
"Cataluña","07/05/2020","60"
"Cataluña","08/05/2020","68"
"Cataluña","09/05/2020","54"
"Cataluña","10/05/2020","78"
"Cataluña","11/05/2020","110"
"Cataluña","12/05/2020","129"
"Cataluña","13/05/2020","147"
"Cataluña","14/05/2020","148"
"Cataluña","15/05/2020","203"
"Cataluña","16/05/2020","116"
"Cataluña","17/05/2020","83"
"Cataluña","18/05/2020","187"
"Cataluña","19/05/2020","201"
"Cataluña","20/05/2020","172"
"Cataluña","21/05/2020","204"
"Cataluña","22/05/2020","264"
"Cataluña","23/05/2020","111"
"Cataluña","24/05/2020","126"
"Cataluña","25/05/2020","211"
"Cataluña","26/05/2020","187"
"Cataluña","27/05/2020","150"
"Cataluña","28/05/2020","198"
"Cataluña","29/05/2020","172"
"Cataluña","30/05/2020","86"
"Cataluña","31/05/2020","49"
"Cataluña","01/06/2020","83"
"Cataluña","02/06/2020","106"
"Cataluña","03/06/2020","116"
"Cataluña","04/06/2020","121"
"Cataluña","05/06/2020","164"
"Cataluña","06/06/2020","65"
"Cataluña","07/06/2020","52"
"Cataluña","08/06/2020","106"
"Cataluña","09/06/2020","85"
"Cataluña","10/06/2020","112"
"Cataluña","11/06/2020","103"
"Cataluña","12/06/2020","104"
"Cataluña","13/06/2020","33"
"Cataluña","14/06/2020","41"
"Cataluña","15/06/2020","77"
"Cataluña","16/06/2020","74"
"Cataluña","17/06/2020","92"
"Cataluña","18/06/2020","101"
"Cataluña","19/06/2020","89"
"Cataluña","20/06/2020","77"
"Cataluña","21/06/2020","67"
"Cataluña","22/06/2020","113"
"Cataluña","23/06/2020","114"
"Cataluña","24/06/2020","85"
"Cataluña","25/06/2020","132"
"Cataluña","26/06/2020","195"
"Cataluña","27/06/2020","110"
"Cataluña","28/06/2020","103"
"Cataluña","29/06/2020","170"
"Cataluña","30/06/2020","165"
"Cataluña","01/07/2020","265"
"Cataluña","02/07/2020","231"
"Cataluña","03/07/2020","269"
"Cataluña","04/07/2020","218"
"Cataluña","05/07/2020","212"
"Cataluña","06/07/2020","306"
"Cataluña","07/07/2020","367"
"Cataluña","08/07/2020","414"
"Cataluña","09/07/2020","397"
"Cataluña","10/07/2020","450"
"Cataluña","11/07/2020","247"
"Cataluña","12/07/2020","176"
"Cataluña","13/07/2020","278"
"Cataluña","14/07/2020","298"
"Cataluña","15/07/2020","575"
"Cataluña","16/07/2020","118"
"Baleares","31/01/2020","0"
"Baleares","01/02/2020","0"
"Baleares","02/02/2020","0"
"Baleares","03/02/2020","0"
"Baleares","04/02/2020","0"
"Baleares","05/02/2020","0"
"Baleares","06/02/2020","0"
"Baleares","07/02/2020","0"
"Baleares","08/02/2020","0"
"Baleares","09/02/2020","0"
"Baleares","10/02/2020","2"
"Baleares","11/02/2020","0"
"Baleares","12/02/2020","0"
"Baleares","13/02/2020","0"
"Baleares","14/02/2020","1"
"Baleares","15/02/2020","0"
"Baleares","16/02/2020","0"
"Baleares","17/02/2020","0"
"Baleares","18/02/2020","0"
"Baleares","19/02/2020","0"
"Baleares","20/02/2020","1"
"Baleares","21/02/2020","0"
"Baleares","22/02/2020","0"
"Baleares","23/02/2020","0"
"Baleares","24/02/2020","0"
"Baleares","25/02/2020","0"
"Baleares","26/02/2020","1"
"Baleares","27/02/2020","4"
"Baleares","28/02/2020","4"
"Baleares","29/02/2020","2"
"Baleares","01/03/2020","4"
"Baleares","02/03/2020","6"
"Baleares","03/03/2020","7"
"Baleares","04/03/2020","5"
"Baleares","05/03/2020","12"
"Baleares","06/03/2020","10"
"Baleares","07/03/2020","7"
"Baleares","08/03/2020","14"
"Baleares","09/03/2020","17"
"Baleares","10/03/2020","36"
"Baleares","11/03/2020","42"
"Baleares","12/03/2020","42"
"Baleares","13/03/2020","61"
"Baleares","14/03/2020","71"
"Baleares","15/03/2020","85"
"Baleares","16/03/2020","88"
"Baleares","17/03/2020","82"
"Baleares","18/03/2020","81"
"Baleares","19/03/2020","105"
"Baleares","20/03/2020","97"
"Baleares","21/03/2020","62"
"Baleares","22/03/2020","91"
"Baleares","23/03/2020","82"
"Baleares","24/03/2020","66"
"Baleares","25/03/2020","84"
"Baleares","26/03/2020","73"
"Baleares","27/03/2020","40"
"Baleares","28/03/2020","36"
"Baleares","29/03/2020","37"
"Baleares","30/03/2020","66"
"Baleares","31/03/2020","48"
"Baleares","01/04/2020","84"
"Baleares","02/04/2020","35"
"Baleares","03/04/2020","47"
"Baleares","04/04/2020","25"
"Baleares","05/04/2020","30"
"Baleares","06/04/2020","26"
"Baleares","07/04/2020","19"
"Baleares","08/04/2020","23"
"Baleares","09/04/2020","11"
"Baleares","10/04/2020","21"
"Baleares","11/04/2020","15"
"Baleares","12/04/2020","15"
"Baleares","13/04/2020","15"
"Baleares","14/04/2020","10"
"Baleares","15/04/2020","9"
"Baleares","16/04/2020","14"
"Baleares","17/04/2020","11"
"Baleares","18/04/2020","14"
"Baleares","19/04/2020","10"
"Baleares","20/04/2020","18"
"Baleares","21/04/2020","11"
"Baleares","22/04/2020","8"
"Baleares","23/04/2020","5"
"Baleares","24/04/2020","9"
"Baleares","25/04/2020","11"
"Baleares","26/04/2020","0"
"Baleares","27/04/2020","3"
"Baleares","28/04/2020","5"
"Baleares","29/04/2020","3"
"Baleares","30/04/2020","5"
"Baleares","01/05/2020","10"
"Baleares","02/05/2020","3"
"Baleares","03/05/2020","4"
"Baleares","04/05/2020","1"
"Baleares","05/05/2020","4"
"Baleares","06/05/2020","4"
"Baleares","07/05/2020","2"
"Baleares","08/05/2020","4"
"Baleares","09/05/2020","0"
"Baleares","10/05/2020","7"
"Baleares","11/05/2020","8"
"Baleares","12/05/2020","7"
"Baleares","13/05/2020","10"
"Baleares","14/05/2020","7"
"Baleares","15/05/2020","16"
"Baleares","16/05/2020","0"
"Baleares","17/05/2020","5"
"Baleares","18/05/2020","5"
"Baleares","19/05/2020","12"
"Baleares","20/05/2020","6"
"Baleares","21/05/2020","5"
"Baleares","22/05/2020","3"
"Baleares","23/05/2020","2"
"Baleares","24/05/2020","1"
"Baleares","25/05/2020","3"
"Baleares","26/05/2020","4"
"Baleares","27/05/2020","3"
"Baleares","28/05/2020","13"
"Baleares","29/05/2020","5"
"Baleares","30/05/2020","1"
"Baleares","31/05/2020","2"
"Baleares","01/06/2020","4"
"Baleares","02/06/2020","7"
"Baleares","03/06/2020","3"
"Baleares","04/06/2020","6"
"Baleares","05/06/2020","1"
"Baleares","06/06/2020","2"
"Baleares","07/06/2020","3"
"Baleares","08/06/2020","2"
"Baleares","09/06/2020","1"
"Baleares","10/06/2020","3"
"Baleares","11/06/2020","4"
"Baleares","12/06/2020","6"
"Baleares","13/06/2020","2"
"Baleares","14/06/2020","4"
"Baleares","15/06/2020","3"
"Baleares","16/06/2020","4"
"Baleares","17/06/2020","4"
"Baleares","18/06/2020","5"
"Baleares","19/06/2020","8"
"Baleares","20/06/2020","3"
"Baleares","21/06/2020","1"
"Baleares","22/06/2020","1"
"Baleares","23/06/2020","5"
"Baleares","24/06/2020","3"
"Baleares","25/06/2020","1"
"Baleares","26/06/2020","9"
"Baleares","27/06/2020","5"
"Baleares","28/06/2020","5"
"Baleares","29/06/2020","8"
"Baleares","30/06/2020","3"
"Baleares","01/07/2020","4"
"Baleares","02/07/2020","2"
"Baleares","03/07/2020","4"
"Baleares","04/07/2020","3"
"Baleares","05/07/2020","3"
"Baleares","06/07/2020","4"
"Baleares","07/07/2020","1"
"Baleares","08/07/2020","4"
"Baleares","09/07/2020","5"
"Baleares","10/07/2020","5"
"Baleares","11/07/2020","5"
"Baleares","12/07/2020","3"
"Baleares","13/07/2020","2"
"Baleares","14/07/2020","4"
"Baleares","15/07/2020","7"
"Baleares","16/07/2020","2"
"Galicia","31/01/2020","0"
"Galicia","01/02/2020","0"
"Galicia","02/02/2020","1"
"Galicia","03/02/2020","1"
"Galicia","04/02/2020","1"
"Galicia","05/02/2020","1"
"Galicia","06/02/2020","0"
"Galicia","07/02/2020","0"
"Galicia","08/02/2020","0"
"Galicia","09/02/2020","0"
"Galicia","10/02/2020","0"
"Galicia","11/02/2020","0"
"Galicia","12/02/2020","0"
"Galicia","13/02/2020","0"
"Galicia","14/02/2020","0"
"Galicia","15/02/2020","0"
"Galicia","16/02/2020","1"
"Galicia","17/02/2020","0"
"Galicia","18/02/2020","1"
"Galicia","19/02/2020","1"
"Galicia","20/02/2020","3"
"Galicia","21/02/2020","0"
"Galicia","22/02/2020","3"
"Galicia","23/02/2020","0"
"Galicia","24/02/2020","1"
"Galicia","25/02/2020","3"
"Galicia","26/02/2020","3"
"Galicia","27/02/2020","7"
"Galicia","28/02/2020","6"
"Galicia","29/02/2020","1"
"Galicia","01/03/2020","7"
"Galicia","02/03/2020","19"
"Galicia","03/03/2020","16"
"Galicia","04/03/2020","14"
"Galicia","05/03/2020","19"
"Galicia","06/03/2020","24"
"Galicia","07/03/2020","33"
"Galicia","08/03/2020","38"
"Galicia","09/03/2020","82"
"Galicia","10/03/2020","118"
"Galicia","11/03/2020","131"
"Galicia","12/03/2020","181"
"Galicia","13/03/2020","241"
"Galicia","14/03/2020","240"
"Galicia","15/03/2020","270"
"Galicia","16/03/2020","389"
"Galicia","17/03/2020","327"
"Galicia","18/03/2020","309"
"Galicia","19/03/2020","294"
"Galicia","20/03/2020","470"
"Galicia","21/03/2020","276"
"Galicia","22/03/2020","250"
"Galicia","23/03/2020","383"
"Galicia","24/03/2020","295"
"Galicia","25/03/2020","288"
"Galicia","26/03/2020","300"
"Galicia","27/03/2020","306"
"Galicia","28/03/2020","336"
"Galicia","29/03/2020","198"
"Galicia","30/03/2020","282"
"Galicia","31/03/2020","167"
"Galicia","01/04/2020","240"
"Galicia","02/04/2020","266"
"Galicia","03/04/2020","209"
"Galicia","04/04/2020","134"
"Galicia","05/04/2020","118"
"Galicia","06/04/2020","184"
"Galicia","07/04/2020","154"
"Galicia","08/04/2020","150"
"Galicia","09/04/2020","159"
"Galicia","10/04/2020","80"
"Galicia","11/04/2020","66"
"Galicia","12/04/2020","66"
"Galicia","13/04/2020","110"
"Galicia","14/04/2020","100"
"Galicia","15/04/2020","199"
"Galicia","16/04/2020","108"
"Galicia","17/04/2020","98"
"Galicia","18/04/2020","107"
"Galicia","19/04/2020","57"
"Galicia","20/04/2020","89"
"Galicia","21/04/2020","98"
"Galicia","22/04/2020","134"
"Galicia","23/04/2020","124"
"Galicia","24/04/2020","124"
"Galicia","25/04/2020","36"
"Galicia","26/04/2020","26"
"Galicia","27/04/2020","57"
"Galicia","28/04/2020","80"
"Galicia","29/04/2020","113"
"Galicia","30/04/2020","96"
"Galicia","01/05/2020","108"
"Galicia","02/05/2020","84"
"Galicia","03/05/2020","45"
"Galicia","04/05/2020","75"
"Galicia","05/05/2020","133"
"Galicia","06/05/2020","60"
"Galicia","07/05/2020","50"
"Galicia","08/05/2020","43"
"Galicia","09/05/2020","19"
"Galicia","10/05/2020","10"
"Galicia","11/05/2020","11"
"Galicia","12/05/2020","16"
"Galicia","13/05/2020","9"
"Galicia","14/05/2020","7"
"Galicia","15/05/2020","8"
"Galicia","16/05/2020","3"
"Galicia","17/05/2020","2"
"Galicia","18/05/2020","7"
"Galicia","19/05/2020","7"
"Galicia","20/05/2020","6"
"Galicia","21/05/2020","12"
"Galicia","22/05/2020","3"
"Galicia","23/05/2020","8"
"Galicia","24/05/2020","5"
"Galicia","25/05/2020","5"
"Galicia","26/05/2020","2"
"Galicia","27/05/2020","1"
"Galicia","28/05/2020","2"
"Galicia","29/05/2020","5"
"Galicia","30/05/2020","0"
"Galicia","31/05/2020","1"
"Galicia","01/06/2020","1"
"Galicia","02/06/2020","0"
"Galicia","03/06/2020","1"
"Galicia","04/06/2020","2"
"Galicia","05/06/2020","4"
"Galicia","06/06/2020","1"
"Galicia","07/06/2020","2"
"Galicia","08/06/2020","4"
"Galicia","09/06/2020","1"
"Galicia","10/06/2020","1"
"Galicia","11/06/2020","2"
"Galicia","12/06/2020","2"
"Galicia","13/06/2020","0"
"Galicia","14/06/2020","1"
"Galicia","15/06/2020","3"
"Galicia","16/06/2020","1"
"Galicia","17/06/2020","4"
"Galicia","18/06/2020","0"
"Galicia","19/06/2020","1"
"Galicia","20/06/2020","7"
"Galicia","21/06/2020","3"
"Galicia","22/06/2020","0"
"Galicia","23/06/2020","5"
"Galicia","24/06/2020","5"
"Galicia","25/06/2020","8"
"Galicia","26/06/2020","4"
"Galicia","27/06/2020","9"
"Galicia","28/06/2020","11"
"Galicia","29/06/2020","8"
"Galicia","30/06/2020","20"
"Galicia","01/07/2020","12"
"Galicia","02/07/2020","23"
"Galicia","03/07/2020","32"
"Galicia","04/07/2020","16"
"Galicia","05/07/2020","11"
"Galicia","06/07/2020","18"
"Galicia","07/07/2020","33"
"Galicia","08/07/2020","24"
"Galicia","09/07/2020","18"
"Galicia","10/07/2020","7"
"Galicia","11/07/2020","11"
"Galicia","12/07/2020","1"
"Galicia","13/07/2020","5"
"Galicia","14/07/2020","11"
"Galicia","15/07/2020","9"
"Galicia","16/07/2020","10"
"Aragon","31/01/2020","0"
"Aragon","01/02/2020","0"
"Aragon","02/02/2020","0"
"Aragon","03/02/2020","0"
"Aragon","04/02/2020","0"
"Aragon","05/02/2020","0"
"Aragon","06/02/2020","1"
"Aragon","07/02/2020","0"
"Aragon","08/02/2020","0"
"Aragon","09/02/2020","0"
"Aragon","10/02/2020","0"
"Aragon","11/02/2020","1"
"Aragon","12/02/2020","0"
"Aragon","13/02/2020","1"
"Aragon","14/02/2020","0"
"Aragon","15/02/2020","0"
"Aragon","16/02/2020","1"
"Aragon","17/02/2020","1"
"Aragon","18/02/2020","1"
"Aragon","19/02/2020","0"
"Aragon","20/02/2020","0"
"Aragon","21/02/2020","2"
"Aragon","22/02/2020","3"
"Aragon","23/02/2020","1"
"Aragon","24/02/2020","1"
"Aragon","25/02/2020","2"
"Aragon","26/02/2020","2"
"Aragon","27/02/2020","0"
"Aragon","28/02/2020","3"
"Aragon","29/02/2020","6"
"Aragon","01/03/2020","8"
"Aragon","02/03/2020","14"
"Aragon","03/03/2020","7"
"Aragon","04/03/2020","14"
"Aragon","05/03/2020","10"
"Aragon","06/03/2020","15"
"Aragon","07/03/2020","21"
"Aragon","08/03/2020","36"
"Aragon","09/03/2020","36"
"Aragon","10/03/2020","52"
"Aragon","11/03/2020","65"
"Aragon","12/03/2020","79"
"Aragon","13/03/2020","115"
"Aragon","14/03/2020","106"
"Aragon","15/03/2020","126"
"Aragon","16/03/2020","163"
"Aragon","17/03/2020","157"
"Aragon","18/03/2020","165"
"Aragon","19/03/2020","166"
"Aragon","20/03/2020","236"
"Aragon","21/03/2020","177"
"Aragon","22/03/2020","164"
"Aragon","23/03/2020","266"
"Aragon","24/03/2020","191"
"Aragon","25/03/2020","187"
"Aragon","26/03/2020","165"
"Aragon","27/03/2020","211"
"Aragon","28/03/2020","146"
"Aragon","29/03/2020","137"
"Aragon","30/03/2020","127"
"Aragon","31/03/2020","116"
"Aragon","01/04/2020","155"
"Aragon","02/04/2020","127"
"Aragon","03/04/2020","108"
"Aragon","04/04/2020","94"
"Aragon","05/04/2020","95"
"Aragon","06/04/2020","124"
"Aragon","07/04/2020","108"
"Aragon","08/04/2020","109"
"Aragon","09/04/2020","101"
"Aragon","10/04/2020","84"
"Aragon","11/04/2020","63"
"Aragon","12/04/2020","53"
"Aragon","13/04/2020","83"
"Aragon","14/04/2020","52"
"Aragon","15/04/2020","76"
"Aragon","16/04/2020","63"
"Aragon","17/04/2020","70"
"Aragon","18/04/2020","57"
"Aragon","19/04/2020","43"
"Aragon","20/04/2020","49"
"Aragon","21/04/2020","132"
"Aragon","22/04/2020","100"
"Aragon","23/04/2020","28"
"Aragon","24/04/2020","25"
"Aragon","25/04/2020","33"
"Aragon","26/04/2020","21"
"Aragon","27/04/2020","65"
"Aragon","28/04/2020","126"
"Aragon","29/04/2020","38"
"Aragon","30/04/2020","38"
"Aragon","01/05/2020","15"
"Aragon","02/05/2020","20"
"Aragon","03/05/2020","17"
"Aragon","04/05/2020","29"
"Aragon","05/05/2020","42"
"Aragon","06/05/2020","44"
"Aragon","07/05/2020","13"
"Aragon","08/05/2020","12"
"Aragon","09/05/2020","6"
"Aragon","10/05/2020","7"
"Aragon","11/05/2020","9"
"Aragon","12/05/2020","14"
"Aragon","13/05/2020","25"
"Aragon","14/05/2020","25"
"Aragon","15/05/2020","17"
"Aragon","16/05/2020","9"
"Aragon","17/05/2020","10"
"Aragon","18/05/2020","15"
"Aragon","19/05/2020","21"
"Aragon","20/05/2020","12"
"Aragon","21/05/2020","12"
"Aragon","22/05/2020","14"
"Aragon","23/05/2020","12"
"Aragon","24/05/2020","5"
"Aragon","25/05/2020","12"
"Aragon","26/05/2020","11"
"Aragon","27/05/2020","13"
"Aragon","28/05/2020","9"
"Aragon","29/05/2020","12"
"Aragon","30/05/2020","4"
"Aragon","31/05/2020","8"
"Aragon","01/06/2020","10"
"Aragon","02/06/2020","17"
"Aragon","03/06/2020","7"
"Aragon","04/06/2020","10"
"Aragon","05/06/2020","8"
"Aragon","06/06/2020","6"
"Aragon","07/06/2020","5"
"Aragon","08/06/2020","6"
"Aragon","09/06/2020","11"
"Aragon","10/06/2020","3"
"Aragon","11/06/2020","6"
"Aragon","12/06/2020","4"
"Aragon","13/06/2020","6"
"Aragon","14/06/2020","3"
"Aragon","15/06/2020","8"
"Aragon","16/06/2020","8"
"Aragon","17/06/2020","6"
"Aragon","18/06/2020","16"
"Aragon","19/06/2020","27"
"Aragon","20/06/2020","29"
"Aragon","21/06/2020","41"
"Aragon","22/06/2020","56"
"Aragon","23/06/2020","47"
"Aragon","24/06/2020","64"
"Aragon","25/06/2020","47"
"Aragon","26/06/2020","23"
"Aragon","27/06/2020","56"
"Aragon","28/06/2020","15"
"Aragon","29/06/2020","21"
"Aragon","30/06/2020","32"
"Aragon","01/07/2020","32"
"Aragon","02/07/2020","25"
"Aragon","03/07/2020","43"
"Aragon","04/07/2020","26"
"Aragon","05/07/2020","30"
"Aragon","06/07/2020","53"
"Aragon","07/07/2020","73"
"Aragon","08/07/2020","53"
"Aragon","09/07/2020","56"
"Aragon","10/07/2020","90"
"Aragon","11/07/2020","168"
"Aragon","12/07/2020","83"
"Aragon","13/07/2020","109"
"Aragon","14/07/2020","119"
"Aragon","15/07/2020","114"
"Aragon","16/07/2020","218"
"Asturias","31/01/2020","0"
"Asturias","01/02/2020","0"
"Asturias","02/02/2020","0"
"Asturias","03/02/2020","0"
"Asturias","04/02/2020","0"
"Asturias","05/02/2020","0"
"Asturias","06/02/2020","0"
"Asturias","07/02/2020","0"
"Asturias","08/02/2020","0"
"Asturias","09/02/2020","0"
"Asturias","10/02/2020","0"
"Asturias","11/02/2020","0"
"Asturias","12/02/2020","0"
"Asturias","13/02/2020","0"
"Asturias","14/02/2020","0"
"Asturias","15/02/2020","0"
"Asturias","16/02/2020","0"
"Asturias","17/02/2020","0"
"Asturias","18/02/2020","0"
"Asturias","19/02/2020","0"
"Asturias","20/02/2020","0"
"Asturias","21/02/2020","0"
"Asturias","22/02/2020","0"
"Asturias","23/02/2020","1"
"Asturias","24/02/2020","0"
"Asturias","25/02/2020","1"
"Asturias","26/02/2020","0"
"Asturias","27/02/2020","0"
"Asturias","28/02/2020","1"
"Asturias","29/02/2020","2"
"Asturias","01/03/2020","2"
"Asturias","02/03/2020","3"
"Asturias","03/03/2020","2"
"Asturias","04/03/2020","2"
"Asturias","05/03/2020","5"
"Asturias","06/03/2020","12"
"Asturias","07/03/2020","12"
"Asturias","08/03/2020","14"
"Asturias","09/03/2020","32"
"Asturias","10/03/2020","52"
"Asturias","11/03/2020","43"
"Asturias","12/03/2020","57"
"Asturias","13/03/2020","70"
"Asturias","14/03/2020","81"
"Asturias","15/03/2020","89"
"Asturias","16/03/2020","106"
"Asturias","17/03/2020","80"
"Asturias","18/03/2020","91"
"Asturias","19/03/2020","101"
"Asturias","20/03/2020","83"
"Asturias","21/03/2020","68"
"Asturias","22/03/2020","75"
"Asturias","23/03/2020","70"
"Asturias","24/03/2020","58"
"Asturias","25/03/2020","57"
"Asturias","26/03/2020","77"
"Asturias","27/03/2020","70"
"Asturias","28/03/2020","53"
"Asturias","29/03/2020","40"
"Asturias","30/03/2020","45"
"Asturias","31/03/2020","42"
"Asturias","01/04/2020","29"
"Asturias","02/04/2020","54"
"Asturias","03/04/2020","38"
"Asturias","04/04/2020","45"
"Asturias","05/04/2020","43"
"Asturias","06/04/2020","41"
"Asturias","07/04/2020","45"
"Asturias","08/04/2020","48"
"Asturias","09/04/2020","43"
"Asturias","10/04/2020","57"
"Asturias","11/04/2020","53"
"Asturias","12/04/2020","23"
"Asturias","13/04/2020","32"
"Asturias","14/04/2020","30"
"Asturias","15/04/2020","40"
"Asturias","16/04/2020","12"
"Asturias","17/04/2020","12"
"Asturias","18/04/2020","9"
"Asturias","19/04/2020","6"
"Asturias","20/04/2020","7"
"Asturias","21/04/2020","16"
"Asturias","22/04/2020","8"
"Asturias","23/04/2020","9"
"Asturias","24/04/2020","17"
"Asturias","25/04/2020","3"
"Asturias","26/04/2020","5"
"Asturias","27/04/2020","5"
"Asturias","28/04/2020","10"
"Asturias","29/04/2020","3"
"Asturias","30/04/2020","10"
"Asturias","01/05/2020","2"
"Asturias","02/05/2020","3"
"Asturias","03/05/2020","3"
"Asturias","04/05/2020","4"
"Asturias","05/05/2020","4"
"Asturias","06/05/2020","4"
"Asturias","07/05/2020","3"
"Asturias","08/05/2020","3"
"Asturias","09/05/2020","2"
"Asturias","10/05/2020","1"
"Asturias","11/05/2020","5"
"Asturias","12/05/2020","0"
"Asturias","13/05/2020","2"
"Asturias","14/05/2020","2"
"Asturias","15/05/2020","4"
"Asturias","16/05/2020","1"
"Asturias","17/05/2020","4"
"Asturias","18/05/2020","0"
"Asturias","19/05/2020","0"
"Asturias","20/05/2020","1"
"Asturias","21/05/2020","1"
"Asturias","22/05/2020","1"
"Asturias","23/05/2020","1"
"Asturias","24/05/2020","2"
"Asturias","25/05/2020","1"
"Asturias","26/05/2020","2"
"Asturias","27/05/2020","0"
"Asturias","28/05/2020","0"
"Asturias","29/05/2020","14"
"Asturias","30/05/2020","4"
"Asturias","31/05/2020","3"
"Asturias","01/06/2020","0"
"Asturias","02/06/2020","0"
"Asturias","03/06/2020","0"
"Asturias","04/06/2020","0"
"Asturias","05/06/2020","2"
"Asturias","06/06/2020","2"
"Asturias","07/06/2020","1"
"Asturias","08/06/2020","0"
"Asturias","09/06/2020","0"
"Asturias","10/06/2020","0"
"Asturias","11/06/2020","3"
"Asturias","12/06/2020","0"
"Asturias","13/06/2020","0"
"Asturias","14/06/2020","0"
"Asturias","15/06/2020","0"
"Asturias","16/06/2020","0"
"Asturias","17/06/2020","0"
"Asturias","18/06/2020","0"
"Asturias","19/06/2020","0"
"Asturias","20/06/2020","0"
"Asturias","21/06/2020","0"
"Asturias","22/06/2020","0"
"Asturias","23/06/2020","0"
"Asturias","24/06/2020","0"
"Asturias","25/06/2020","0"
"Asturias","26/06/2020","0"
"Asturias","27/06/2020","0"
"Asturias","28/06/2020","0"
"Asturias","29/06/2020","1"
"Asturias","30/06/2020","0"
"Asturias","01/07/2020","1"
"Asturias","02/07/2020","0"
"Asturias","03/07/2020","0"
"Asturias","04/07/2020","0"
"Asturias","05/07/2020","0"
"Asturias","06/07/2020","0"
"Asturias","07/07/2020","0"
"Asturias","08/07/2020","2"
"Asturias","09/07/2020","0"
"Asturias","10/07/2020","1"
"Asturias","11/07/2020","3"
"Asturias","12/07/2020","0"
"Asturias","13/07/2020","0"
"Asturias","14/07/2020","0"
"Asturias","15/07/2020","0"
"Asturias","16/07/2020","0"
"Castilla la Mancha","31/01/2020","0"
"Castilla la Mancha","01/02/2020","0"
"Castilla la Mancha","02/02/2020","0"
"Castilla la Mancha","03/02/2020","0"
"Castilla la Mancha","04/02/2020","0"
"Castilla la Mancha","05/02/2020","0"
"Castilla la Mancha","06/02/2020","0"
"Castilla la Mancha","07/02/2020","0"
"Castilla la Mancha","08/02/2020","0"
"Castilla la Mancha","09/02/2020","0"
"Castilla la Mancha","10/02/2020","0"
"Castilla la Mancha","11/02/2020","0"
"Castilla la Mancha","12/02/2020","0"
"Castilla la Mancha","13/02/2020","0"
"Castilla la Mancha","14/02/2020","0"
"Castilla la Mancha","15/02/2020","0"
"Castilla la Mancha","16/02/2020","0"
"Castilla la Mancha","17/02/2020","0"
"Castilla la Mancha","18/02/2020","0"
"Castilla la Mancha","19/02/2020","0"
"Castilla la Mancha","20/02/2020","2"
"Castilla la Mancha","21/02/2020","0"
"Castilla la Mancha","22/02/2020","0"
"Castilla la Mancha","23/02/2020","0"
"Castilla la Mancha","24/02/2020","4"
"Castilla la Mancha","25/02/2020","4"
"Castilla la Mancha","26/02/2020","5"
"Castilla la Mancha","27/02/2020","9"
"Castilla la Mancha","28/02/2020","11"
"Castilla la Mancha","29/02/2020","15"
"Castilla la Mancha","01/03/2020","66"
"Castilla la Mancha","02/03/2020","62"
"Castilla la Mancha","03/03/2020","47"
"Castilla la Mancha","04/03/2020","60"
"Castilla la Mancha","05/03/2020","77"
"Castilla la Mancha","06/03/2020","100"
"Castilla la Mancha","07/03/2020","141"
"Castilla la Mancha","08/03/2020","161"
"Castilla la Mancha","09/03/2020","208"
"Castilla la Mancha","10/03/2020","291"
"Castilla la Mancha","11/03/2020","325"
"Castilla la Mancha","12/03/2020","454"
"Castilla la Mancha","13/03/2020","628"
"Castilla la Mancha","14/03/2020","605"
"Castilla la Mancha","15/03/2020","773"
"Castilla la Mancha","16/03/2020","809"
"Castilla la Mancha","17/03/2020","744"
"Castilla la Mancha","18/03/2020","791"
"Castilla la Mancha","19/03/2020","745"
"Castilla la Mancha","20/03/2020","936"
"Castilla la Mancha","21/03/2020","623"
"Castilla la Mancha","22/03/2020","663"
"Castilla la Mancha","23/03/2020","756"
"Castilla la Mancha","24/03/2020","647"
"Castilla la Mancha","25/03/2020","665"
"Castilla la Mancha","26/03/2020","587"
"Castilla la Mancha","27/03/2020","507"
"Castilla la Mancha","28/03/2020","410"
"Castilla la Mancha","29/03/2020","372"
"Castilla la Mancha","30/03/2020","523"
"Castilla la Mancha","31/03/2020","411"
"Castilla la Mancha","01/04/2020","460"
"Castilla la Mancha","02/04/2020","366"
"Castilla la Mancha","03/04/2020","341"
"Castilla la Mancha","04/04/2020","381"
"Castilla la Mancha","05/04/2020","463"
"Castilla la Mancha","06/04/2020","416"
"Castilla la Mancha","07/04/2020","362"
"Castilla la Mancha","08/04/2020","365"
"Castilla la Mancha","09/04/2020","345"
"Castilla la Mancha","10/04/2020","298"
"Castilla la Mancha","11/04/2020","155"
"Castilla la Mancha","12/04/2020","225"
"Castilla la Mancha","13/04/2020","327"
"Castilla la Mancha","14/04/2020","233"
"Castilla la Mancha","15/04/2020","180"
"Castilla la Mancha","16/04/2020","127"
"Castilla la Mancha","17/04/2020","145"
"Castilla la Mancha","18/04/2020","97"
"Castilla la Mancha","19/04/2020","106"
"Castilla la Mancha","20/04/2020","142"
"Castilla la Mancha","21/04/2020","147"
"Castilla la Mancha","22/04/2020","149"
"Castilla la Mancha","23/04/2020","88"
"Castilla la Mancha","24/04/2020","56"
"Castilla la Mancha","25/04/2020","52"
"Castilla la Mancha","26/04/2020","95"
"Castilla la Mancha","27/04/2020","104"
"Castilla la Mancha","28/04/2020","92"
"Castilla la Mancha","29/04/2020","69"
"Castilla la Mancha","30/04/2020","74"
"Castilla la Mancha","01/05/2020","20"
"Castilla la Mancha","02/05/2020","17"
"Castilla la Mancha","03/05/2020","47"
"Castilla la Mancha","04/05/2020","21"
"Castilla la Mancha","05/05/2020","12"
"Castilla la Mancha","06/05/2020","10"
"Castilla la Mancha","07/05/2020","14"
"Castilla la Mancha","08/05/2020","7"
"Castilla la Mancha","09/05/2020","10"
"Castilla la Mancha","10/05/2020","12"
"Castilla la Mancha","11/05/2020","31"
"Castilla la Mancha","12/05/2020","31"
"Castilla la Mancha","13/05/2020","40"
"Castilla la Mancha","14/05/2020","31"
"Castilla la Mancha","15/05/2020","40"
"Castilla la Mancha","16/05/2020","28"
"Castilla la Mancha","17/05/2020","14"
"Castilla la Mancha","18/05/2020","29"
"Castilla la Mancha","19/05/2020","33"
"Castilla la Mancha","20/05/2020","29"
"Castilla la Mancha","21/05/2020","20"
"Castilla la Mancha","22/05/2020","42"
"Castilla la Mancha","23/05/2020","31"
"Castilla la Mancha","24/05/2020","20"
"Castilla la Mancha","25/05/2020","38"
"Castilla la Mancha","26/05/2020","38"
"Castilla la Mancha","27/05/2020","39"
"Castilla la Mancha","28/05/2020","40"
"Castilla la Mancha","29/05/2020","25"
"Castilla la Mancha","30/05/2020","37"
"Castilla la Mancha","31/05/2020","11"
"Castilla la Mancha","01/06/2020","26"
"Castilla la Mancha","02/06/2020","28"
"Castilla la Mancha","03/06/2020","39"
"Castilla la Mancha","04/06/2020","39"
"Castilla la Mancha","05/06/2020","36"
"Castilla la Mancha","06/06/2020","14"
"Castilla la Mancha","07/06/2020","14"
"Castilla la Mancha","08/06/2020","34"
"Castilla la Mancha","09/06/2020","22"
"Castilla la Mancha","10/06/2020","19"
"Castilla la Mancha","11/06/2020","10"
"Castilla la Mancha","12/06/2020","20"
"Castilla la Mancha","13/06/2020","8"
"Castilla la Mancha","14/06/2020","12"
"Castilla la Mancha","15/06/2020","13"
"Castilla la Mancha","16/06/2020","20"
"Castilla la Mancha","17/06/2020","15"
"Castilla la Mancha","18/06/2020","12"
"Castilla la Mancha","19/06/2020","12"
"Castilla la Mancha","20/06/2020","19"
"Castilla la Mancha","21/06/2020","15"
"Castilla la Mancha","22/06/2020","8"
"Castilla la Mancha","23/06/2020","14"
"Castilla la Mancha","24/06/2020","21"
"Castilla la Mancha","25/06/2020","15"
"Castilla la Mancha","26/06/2020","25"
"Castilla la Mancha","27/06/2020","19"
"Castilla la Mancha","28/06/2020","11"
"Castilla la Mancha","29/06/2020","11"
"Castilla la Mancha","30/06/2020","11"
"Castilla la Mancha","01/07/2020","16"
"Castilla la Mancha","02/07/2020","14"
"Castilla la Mancha","03/07/2020","22"
"Castilla la Mancha","04/07/2020","19"
"Castilla la Mancha","05/07/2020","16"
"Castilla la Mancha","06/07/2020","13"
"Castilla la Mancha","07/07/2020","6"
"Castilla la Mancha","08/07/2020","16"
"Castilla la Mancha","09/07/2020","17"
"Castilla la Mancha","10/07/2020","21"
"Castilla la Mancha","11/07/2020","16"
"Castilla la Mancha","12/07/2020","20"
"Castilla la Mancha","13/07/2020","3"
"Castilla la Mancha","14/07/2020","4"
"Castilla la Mancha","15/07/2020","14"
"Castilla la Mancha","16/07/2020","10"
"Melilla","31/01/2020","0"
"Melilla","01/02/2020","0"
"Melilla","02/02/2020","0"
"Melilla","03/02/2020","0"
"Melilla","04/02/2020","0"
"Melilla","05/02/2020","0"
"Melilla","06/02/2020","0"
"Melilla","07/02/2020","0"
"Melilla","08/02/2020","0"
"Melilla","09/02/2020","0"
"Melilla","10/02/2020","0"
"Melilla","11/02/2020","0"
"Melilla","12/02/2020","0"
"Melilla","13/02/2020","0"
"Melilla","14/02/2020","0"
"Melilla","15/02/2020","0"
"Melilla","16/02/2020","0"
"Melilla","17/02/2020","0"
"Melilla","18/02/2020","0"
"Melilla","19/02/2020","0"
"Melilla","20/02/2020","0"
"Melilla","21/02/2020","0"
"Melilla","22/02/2020","0"
"Melilla","23/02/2020","0"
"Melilla","24/02/2020","0"
"Melilla","25/02/2020","0"
"Melilla","26/02/2020","0"
"Melilla","27/02/2020","0"
"Melilla","28/02/2020","0"
"Melilla","29/02/2020","0"
"Melilla","01/03/2020","0"
"Melilla","02/03/2020","0"
"Melilla","03/03/2020","0"
"Melilla","04/03/2020","0"
"Melilla","05/03/2020","1"
"Melilla","06/03/2020","1"
"Melilla","07/03/2020","3"
"Melilla","08/03/2020","1"
"Melilla","09/03/2020","2"
"Melilla","10/03/2020","5"
"Melilla","11/03/2020","4"
"Melilla","12/03/2020","3"
"Melilla","13/03/2020","10"
"Melilla","14/03/2020","4"
"Melilla","15/03/2020","3"
"Melilla","16/03/2020","6"
"Melilla","17/03/2020","3"
"Melilla","18/03/2020","6"
"Melilla","19/03/2020","6"
"Melilla","20/03/2020","4"
"Melilla","21/03/2020","3"
"Melilla","22/03/2020","5"
"Melilla","23/03/2020","5"
"Melilla","24/03/2020","1"
"Melilla","25/03/2020","4"
"Melilla","26/03/2020","6"
"Melilla","27/03/2020","5"
"Melilla","28/03/2020","4"
"Melilla","29/03/2020","5"
"Melilla","30/03/2020","3"
"Melilla","31/03/2020","3"
"Melilla","01/04/2020","5"
"Melilla","02/04/2020","3"
"Melilla","03/04/2020","4"
"Melilla","04/04/2020","3"
"Melilla","05/04/2020","1"
"Melilla","06/04/2020","0"
"Melilla","07/04/2020","2"
"Melilla","08/04/2020","0"
"Melilla","09/04/2020","0"
"Melilla","10/04/2020","1"
"Melilla","11/04/2020","0"
"Melilla","12/04/2020","1"
"Melilla","13/04/2020","1"
"Melilla","14/04/2020","0"
"Melilla","15/04/2020","0"
"Melilla","16/04/2020","0"
"Melilla","17/04/2020","0"
"Melilla","18/04/2020","0"
"Melilla","19/04/2020","0"
"Melilla","20/04/2020","2"
"Melilla","21/04/2020","0"
"Melilla","22/04/2020","1"
"Melilla","23/04/2020","0"
"Melilla","24/04/2020","1"
"Melilla","25/04/2020","1"
"Melilla","26/04/2020","0"
"Melilla","27/04/2020","0"
"Melilla","28/04/2020","0"
"Melilla","29/04/2020","1"
"Melilla","30/04/2020","1"
"Melilla","01/05/2020","0"
"Melilla","02/05/2020","0"
"Melilla","03/05/2020","0"
"Melilla","04/05/2020","0"
"Melilla","05/05/2020","0"
"Melilla","06/05/2020","0"
"Melilla","07/05/2020","0"
"Melilla","08/05/2020","0"
"Melilla","09/05/2020","0"
"Melilla","10/05/2020","0"
"Melilla","11/05/2020","0"
"Melilla","12/05/2020","0"
"Melilla","13/05/2020","0"
"Melilla","14/05/2020","0"
"Melilla","15/05/2020","0"
"Melilla","16/05/2020","0"
"Melilla","17/05/2020","0"
"Melilla","18/05/2020","1"
"Melilla","19/05/2020","0"
"Melilla","20/05/2020","0"
"Melilla","21/05/2020","0"
"Melilla","22/05/2020","0"
"Melilla","23/05/2020","0"
"Melilla","24/05/2020","0"
"Melilla","25/05/2020","0"
"Melilla","26/05/2020","0"
"Melilla","27/05/2020","0"
"Melilla","28/05/2020","0"
"Melilla","29/05/2020","0"
"Melilla","30/05/2020","0"
"Melilla","31/05/2020","0"
"Melilla","01/06/2020","1"
"Melilla","02/06/2020","0"
"Melilla","03/06/2020","0"
"Melilla","04/06/2020","0"
"Melilla","05/06/2020","0"
"Melilla","06/06/2020","0"
"Melilla","07/06/2020","0"
"Melilla","08/06/2020","0"
"Melilla","09/06/2020","1"
"Melilla","10/06/2020","0"
"Melilla","11/06/2020","0"
"Melilla","12/06/2020","0"
"Melilla","13/06/2020","0"
"Melilla","14/06/2020","0"
"Melilla","15/06/2020","1"
"Melilla","16/06/2020","0"
"Melilla","17/06/2020","0"
"Melilla","18/06/2020","0"
"Melilla","19/06/2020","0"
"Melilla","20/06/2020","0"
"Melilla","21/06/2020","2"
"Melilla","22/06/2020","0"
"Melilla","23/06/2020","0"
"Melilla","24/06/2020","0"
"Melilla","25/06/2020","0"
"Melilla","26/06/2020","0"
"Melilla","27/06/2020","0"
"Melilla","28/06/2020","0"
"Melilla","29/06/2020","0"
"Melilla","30/06/2020","0"
"Melilla","01/07/2020","0"
"Melilla","02/07/2020","0"
"Melilla","03/07/2020","0"
"Melilla","04/07/2020","0"
"Melilla","05/07/2020","0"
"Melilla","06/07/2020","0"
"Melilla","07/07/2020","0"
"Melilla","08/07/2020","0"
"Melilla","09/07/2020","0"
"Melilla","10/07/2020","0"
"Melilla","11/07/2020","0"
"Melilla","12/07/2020","2"
"Melilla","13/07/2020","0"
"Melilla","14/07/2020","0"
"Melilla","15/07/2020","0"
"Melilla","16/07/2020","0"
"Madrid","31/01/2020","4"
"Madrid","01/02/2020","9"
"Madrid","02/02/2020","6"
"Madrid","03/02/2020","7"
"Madrid","04/02/2020","3"
"Madrid","05/02/2020","4"
"Madrid","06/02/2020","4"
"Madrid","07/02/2020","9"
"Madrid","08/02/2020","8"
"Madrid","09/02/2020","2"
"Madrid","10/02/2020","10"
"Madrid","11/02/2020","8"
"Madrid","12/02/2020","9"
"Madrid","13/02/2020","15"
"Madrid","14/02/2020","11"
"Madrid","15/02/2020","13"
"Madrid","16/02/2020","14"
"Madrid","17/02/2020","19"
"Madrid","18/02/2020","14"
"Madrid","19/02/2020","12"
"Madrid","20/02/2020","22"
"Madrid","21/02/2020","27"
"Madrid","22/02/2020","30"
"Madrid","23/02/2020","44"
"Madrid","24/02/2020","57"
"Madrid","25/02/2020","51"
"Madrid","26/02/2020","69"
"Madrid","27/02/2020","94"
"Madrid","28/02/2020","162"
"Madrid","29/02/2020","108"
"Madrid","01/03/2020","321"
"Madrid","02/03/2020","382"
"Madrid","03/03/2020","395"
"Madrid","04/03/2020","463"
"Madrid","05/03/2020","651"
"Madrid","06/03/2020","793"
"Madrid","07/03/2020","843"
"Madrid","08/03/2020","1054"
"Madrid","09/03/2020","1519"
"Madrid","10/03/2020","1989"
"Madrid","11/03/2020","1970"
"Madrid","12/03/2020","2343"
"Madrid","13/03/2020","2837"
"Madrid","14/03/2020","2562"
"Madrid","15/03/2020","2682"
"Madrid","16/03/2020","2965"
"Madrid","17/03/2020","2789"
"Madrid","18/03/2020","2649"
"Madrid","19/03/2020","2439"
"Madrid","20/03/2020","3104"
"Madrid","21/03/2020","1924"
"Madrid","22/03/2020","1658"
"Madrid","23/03/2020","2130"
"Madrid","24/03/2020","1993"
"Madrid","25/03/2020","1777"
"Madrid","26/03/2020","1552"
"Madrid","27/03/2020","1493"
"Madrid","28/03/2020","1255"
"Madrid","29/03/2020","873"
"Madrid","30/03/2020","1086"
"Madrid","31/03/2020","1076"
"Madrid","01/04/2020","1347"
"Madrid","02/04/2020","1002"
"Madrid","03/04/2020","931"
"Madrid","04/04/2020","715"
"Madrid","05/04/2020","635"
"Madrid","06/04/2020","625"
"Madrid","07/04/2020","748"
"Madrid","08/04/2020","681"
"Madrid","09/04/2020","641"
"Madrid","10/04/2020","709"
"Madrid","11/04/2020","575"
"Madrid","12/04/2020","500"
"Madrid","13/04/2020","382"
"Madrid","14/04/2020","497"
"Madrid","15/04/2020","502"
"Madrid","16/04/2020","597"
"Madrid","17/04/2020","389"
"Madrid","18/04/2020","467"
"Madrid","19/04/2020","265"
"Madrid","20/04/2020","280"
"Madrid","21/04/2020","476"
"Madrid","22/04/2020","457"
"Madrid","23/04/2020","368"
"Madrid","24/04/2020","238"
"Madrid","25/04/2020","131"
"Madrid","26/04/2020","124"
"Madrid","27/04/2020","183"
"Madrid","28/04/2020","230"
"Madrid","29/04/2020","213"
"Madrid","30/04/2020","173"
"Madrid","01/05/2020","192"
"Madrid","02/05/2020","165"
"Madrid","03/05/2020","71"
"Madrid","04/05/2020","95"
"Madrid","05/05/2020","57"
"Madrid","06/05/2020","49"
"Madrid","07/05/2020","64"
"Madrid","08/05/2020","88"
"Madrid","09/05/2020","62"
"Madrid","10/05/2020","89"
"Madrid","11/05/2020","154"
"Madrid","12/05/2020","172"
"Madrid","13/05/2020","118"
"Madrid","14/05/2020","128"
"Madrid","15/05/2020","109"
"Madrid","16/05/2020","69"
"Madrid","17/05/2020","76"
"Madrid","18/05/2020","125"
"Madrid","19/05/2020","116"
"Madrid","20/05/2020","96"
"Madrid","21/05/2020","83"
"Madrid","22/05/2020","83"
"Madrid","23/05/2020","80"
"Madrid","24/05/2020","48"
"Madrid","25/05/2020","137"
"Madrid","26/05/2020","122"
"Madrid","27/05/2020","67"
"Madrid","28/05/2020","98"
"Madrid","29/05/2020","109"
"Madrid","30/05/2020","61"
"Madrid","31/05/2020","57"
"Madrid","01/06/2020","123"
"Madrid","02/06/2020","97"
"Madrid","03/06/2020","124"
"Madrid","04/06/2020","88"
"Madrid","05/06/2020","103"
"Madrid","06/06/2020","52"
"Madrid","07/06/2020","39"
"Madrid","08/06/2020","111"
"Madrid","09/06/2020","77"
"Madrid","10/06/2020","89"
"Madrid","11/06/2020","55"
"Madrid","12/06/2020","127"
"Madrid","13/06/2020","21"
"Madrid","14/06/2020","46"
"Madrid","15/06/2020","103"
"Madrid","16/06/2020","51"
"Madrid","17/06/2020","64"
"Madrid","18/06/2020","77"
"Madrid","19/06/2020","63"
"Madrid","20/06/2020","50"
"Madrid","21/06/2020","32"
"Madrid","22/06/2020","37"
"Madrid","23/06/2020","53"
"Madrid","24/06/2020","35"
"Madrid","25/06/2020","54"
"Madrid","26/06/2020","58"
"Madrid","27/06/2020","27"
"Madrid","28/06/2020","23"
"Madrid","29/06/2020","41"
"Madrid","30/06/2020","63"
"Madrid","01/07/2020","39"
"Madrid","02/07/2020","31"
"Madrid","03/07/2020","53"
"Madrid","04/07/2020","21"
"Madrid","05/07/2020","30"
"Madrid","06/07/2020","44"
"Madrid","07/07/2020","45"
"Madrid","08/07/2020","53"
"Madrid","09/07/2020","42"
"Madrid","10/07/2020","44"
"Madrid","11/07/2020","47"
"Madrid","12/07/2020","37"
"Madrid","13/07/2020","64"
"Madrid","14/07/2020","29"
"Madrid","15/07/2020","12"
"Madrid","16/07/2020","2"
"Canarias","31/01/2020","0"
"Canarias","01/02/2020","0"
"Canarias","02/02/2020","1"
"Canarias","03/02/2020","0"
"Canarias","04/02/2020","1"
"Canarias","05/02/2020","0"
"Canarias","06/02/2020","0"
"Canarias","07/02/2020","0"
"Canarias","08/02/2020","0"
"Canarias","09/02/2020","0"
"Canarias","10/02/2020","0"
"Canarias","11/02/2020","0"
"Canarias","12/02/2020","1"
"Canarias","13/02/2020","0"
"Canarias","14/02/2020","1"
"Canarias","15/02/2020","0"
"Canarias","16/02/2020","2"
"Canarias","17/02/2020","0"
"Canarias","18/02/2020","1"
"Canarias","19/02/2020","1"
"Canarias","20/02/2020","1"
"Canarias","21/02/2020","0"
"Canarias","22/02/2020","0"
"Canarias","23/02/2020","2"
"Canarias","24/02/2020","0"
"Canarias","25/02/2020","2"
"Canarias","26/02/2020","7"
"Canarias","27/02/2020","1"
"Canarias","28/02/2020","8"
"Canarias","29/02/2020","6"
"Canarias","01/03/2020","7"
"Canarias","02/03/2020","12"
"Canarias","03/03/2020","8"
"Canarias","04/03/2020","14"
"Canarias","05/03/2020","16"
"Canarias","06/03/2020","25"
"Canarias","07/03/2020","19"
"Canarias","08/03/2020","34"
"Canarias","09/03/2020","46"
"Canarias","10/03/2020","55"
"Canarias","11/03/2020","59"
"Canarias","12/03/2020","73"
"Canarias","13/03/2020","109"
"Canarias","14/03/2020","97"
"Canarias","15/03/2020","91"
"Canarias","16/03/2020","132"
"Canarias","17/03/2020","93"
"Canarias","18/03/2020","117"
"Canarias","19/03/2020","78"
"Canarias","20/03/2020","117"
"Canarias","21/03/2020","86"
"Canarias","22/03/2020","75"
"Canarias","23/03/2020","97"
"Canarias","24/03/2020","63"
"Canarias","25/03/2020","55"
"Canarias","26/03/2020","62"
"Canarias","27/03/2020","71"
"Canarias","28/03/2020","36"
"Canarias","29/03/2020","42"
"Canarias","30/03/2020","51"
"Canarias","31/03/2020","28"
"Canarias","01/04/2020","51"
"Canarias","02/04/2020","34"
"Canarias","03/04/2020","17"
"Canarias","04/04/2020","29"
"Canarias","05/04/2020","17"
"Canarias","06/04/2020","13"
"Canarias","07/04/2020","26"
"Canarias","08/04/2020","16"
"Canarias","09/04/2020","26"
"Canarias","10/04/2020","14"
"Canarias","11/04/2020","14"
"Canarias","12/04/2020","8"
"Canarias","13/04/2020","13"
"Canarias","14/04/2020","13"
"Canarias","15/04/2020","15"
"Canarias","16/04/2020","15"
"Canarias","17/04/2020","8"
"Canarias","18/04/2020","9"
"Canarias","19/04/2020","15"
"Canarias","20/04/2020","16"
"Canarias","21/04/2020","7"
"Canarias","22/04/2020","7"
"Canarias","23/04/2020","5"
"Canarias","24/04/2020","11"
"Canarias","25/04/2020","4"
"Canarias","26/04/2020","2"
"Canarias","27/04/2020","3"
"Canarias","28/04/2020","4"
"Canarias","29/04/2020","4"
"Canarias","30/04/2020","4"
"Canarias","01/05/2020","9"
"Canarias","02/05/2020","5"
"Canarias","03/05/2020","0"
"Canarias","04/05/2020","3"
"Canarias","05/05/2020","2"
"Canarias","06/05/2020","0"
"Canarias","07/05/2020","1"
"Canarias","08/05/2020","1"
"Canarias","09/05/2020","2"
"Canarias","10/05/2020","1"
"Canarias","11/05/2020","2"
"Canarias","12/05/2020","4"
"Canarias","13/05/2020","5"
"Canarias","14/05/2020","1"
"Canarias","15/05/2020","3"
"Canarias","16/05/2020","5"
"Canarias","17/05/2020","1"
"Canarias","18/05/2020","3"
"Canarias","19/05/2020","9"
"Canarias","20/05/2020","4"
"Canarias","21/05/2020","5"
"Canarias","22/05/2020","3"
"Canarias","23/05/2020","1"
"Canarias","24/05/2020","2"
"Canarias","25/05/2020","4"
"Canarias","26/05/2020","3"
"Canarias","27/05/2020","2"
"Canarias","28/05/2020","7"
"Canarias","29/05/2020","8"
"Canarias","30/05/2020","2"
"Canarias","31/05/2020","1"
"Canarias","01/06/2020","4"
"Canarias","02/06/2020","5"
"Canarias","03/06/2020","4"
"Canarias","04/06/2020","1"
"Canarias","05/06/2020","2"
"Canarias","06/06/2020","4"
"Canarias","07/06/2020","1"
"Canarias","08/06/2020","2"
"Canarias","09/06/2020","2"
"Canarias","10/06/2020","2"
"Canarias","11/06/2020","2"
"Canarias","12/06/2020","3"
"Canarias","13/06/2020","2"
"Canarias","14/06/2020","1"
"Canarias","15/06/2020","1"
"Canarias","16/06/2020","2"
"Canarias","17/06/2020","14"
"Canarias","18/06/2020","0"
"Canarias","19/06/2020","1"
"Canarias","20/06/2020","11"
"Canarias","21/06/2020","1"
"Canarias","22/06/2020","0"
"Canarias","23/06/2020","6"
"Canarias","24/06/2020","1"
"Canarias","25/06/2020","1"
"Canarias","26/06/2020","1"
"Canarias","27/06/2020","0"
"Canarias","28/06/2020","0"
"Canarias","29/06/2020","0"
"Canarias","30/06/2020","5"
"Canarias","01/07/2020","6"
"Canarias","02/07/2020","1"
"Canarias","03/07/2020","4"
"Canarias","04/07/2020","4"
"Canarias","05/07/2020","1"
"Canarias","06/07/2020","1"
"Canarias","07/07/2020","3"
"Canarias","08/07/2020","8"
"Canarias","09/07/2020","4"
"Canarias","10/07/2020","2"
"Canarias","11/07/2020","1"
"Canarias","12/07/2020","4"
"Canarias","13/07/2020","2"
"Canarias","14/07/2020","1"
"Canarias","15/07/2020","8"
"Canarias","16/07/2020","1"
"Andalucia","31/01/2020","0"
"Andalucia","01/02/2020","2"
"Andalucia","02/02/2020","2"
"Andalucia","03/02/2020","1"
"Andalucia","04/02/2020","1"
"Andalucia","05/02/2020","1"
"Andalucia","06/02/2020","2"
"Andalucia","07/02/2020","2"
"Andalucia","08/02/2020","0"
"Andalucia","09/02/2020","1"
"Andalucia","10/02/2020","1"
"Andalucia","11/02/2020","1"
"Andalucia","12/02/2020","1"
"Andalucia","13/02/2020","2"
"Andalucia","14/02/2020","1"
"Andalucia","15/02/2020","4"
"Andalucia","16/02/2020","0"
"Andalucia","17/02/2020","2"
"Andalucia","18/02/2020","3"
"Andalucia","19/02/2020","1"
"Andalucia","20/02/2020","8"
"Andalucia","21/02/2020","5"
"Andalucia","22/02/2020","2"
"Andalucia","23/02/2020","2"
"Andalucia","24/02/2020","5"
"Andalucia","25/02/2020","9"
"Andalucia","26/02/2020","9"
"Andalucia","27/02/2020","11"
"Andalucia","28/02/2020","8"
"Andalucia","29/02/2020","9"
"Andalucia","01/03/2020","34"
"Andalucia","02/03/2020","33"
"Andalucia","03/03/2020","42"
"Andalucia","04/03/2020","34"
"Andalucia","05/03/2020","61"
"Andalucia","06/03/2020","73"
"Andalucia","07/03/2020","77"
"Andalucia","08/03/2020","87"
"Andalucia","09/03/2020","169"
"Andalucia","10/03/2020","221"
"Andalucia","11/03/2020","263"
"Andalucia","12/03/2020","318"
"Andalucia","13/03/2020","487"
"Andalucia","14/03/2020","420"
"Andalucia","15/03/2020","450"
"Andalucia","16/03/2020","573"
"Andalucia","17/03/2020","574"
"Andalucia","18/03/2020","530"
"Andalucia","19/03/2020","556"
"Andalucia","20/03/2020","795"
"Andalucia","21/03/2020","544"
"Andalucia","22/03/2020","523"
"Andalucia","23/03/2020","562"
"Andalucia","24/03/2020","492"
"Andalucia","25/03/2020","522"
"Andalucia","26/03/2020","471"
"Andalucia","27/03/2020","423"
"Andalucia","28/03/2020","324"
"Andalucia","29/03/2020","340"
"Andalucia","30/03/2020","341"
"Andalucia","31/03/2020","254"
"Andalucia","01/04/2020","356"
"Andalucia","02/04/2020","262"
"Andalucia","03/04/2020","202"
"Andalucia","04/04/2020","317"
"Andalucia","05/04/2020","276"
"Andalucia","06/04/2020","187"
"Andalucia","07/04/2020","266"
"Andalucia","08/04/2020","251"
"Andalucia","09/04/2020","137"
"Andalucia","10/04/2020","218"
"Andalucia","11/04/2020","162"
"Andalucia","12/04/2020","129"
"Andalucia","13/04/2020","111"
"Andalucia","14/04/2020","209"
"Andalucia","15/04/2020","216"
"Andalucia","16/04/2020","175"
"Andalucia","17/04/2020","141"
"Andalucia","18/04/2020","135"
"Andalucia","19/04/2020","74"
"Andalucia","20/04/2020","77"
"Andalucia","21/04/2020","154"
"Andalucia","22/04/2020","134"
"Andalucia","23/04/2020","168"
"Andalucia","24/04/2020","169"
"Andalucia","25/04/2020","57"
"Andalucia","26/04/2020","36"
"Andalucia","27/04/2020","45"
"Andalucia","28/04/2020","130"
"Andalucia","29/04/2020","162"
"Andalucia","30/04/2020","119"
"Andalucia","01/05/2020","100"
"Andalucia","02/05/2020","95"
"Andalucia","03/05/2020","27"
"Andalucia","04/05/2020","49"
"Andalucia","05/05/2020","73"
"Andalucia","06/05/2020","25"
"Andalucia","07/05/2020","24"
"Andalucia","08/05/2020","17"
"Andalucia","09/05/2020","12"
"Andalucia","10/05/2020","5"
"Andalucia","11/05/2020","22"
"Andalucia","12/05/2020","22"
"Andalucia","13/05/2020","16"
"Andalucia","14/05/2020","13"
"Andalucia","15/05/2020","16"
"Andalucia","16/05/2020","9"
"Andalucia","17/05/2020","5"
"Andalucia","18/05/2020","11"
"Andalucia","19/05/2020","11"
"Andalucia","20/05/2020","12"
"Andalucia","21/05/2020","9"
"Andalucia","22/05/2020","6"
"Andalucia","23/05/2020","7"
"Andalucia","24/05/2020","3"
"Andalucia","25/05/2020","8"
"Andalucia","26/05/2020","8"
"Andalucia","27/05/2020","11"
"Andalucia","28/05/2020","7"
"Andalucia","29/05/2020","12"
"Andalucia","30/05/2020","13"
"Andalucia","31/05/2020","9"
"Andalucia","01/06/2020","18"
"Andalucia","02/06/2020","6"
"Andalucia","03/06/2020","16"
"Andalucia","04/06/2020","5"
"Andalucia","05/06/2020","12"
"Andalucia","06/06/2020","4"
"Andalucia","07/06/2020","2"
"Andalucia","08/06/2020","6"
"Andalucia","09/06/2020","7"
"Andalucia","10/06/2020","6"
"Andalucia","11/06/2020","3"
"Andalucia","12/06/2020","4"
"Andalucia","13/06/2020","4"
"Andalucia","14/06/2020","3"
"Andalucia","15/06/2020","7"
"Andalucia","16/06/2020","9"
"Andalucia","17/06/2020","10"
"Andalucia","18/06/2020","24"
"Andalucia","19/06/2020","11"
"Andalucia","20/06/2020","15"
"Andalucia","21/06/2020","10"
"Andalucia","22/06/2020","16"
"Andalucia","23/06/2020","13"
"Andalucia","24/06/2020","95"
"Andalucia","25/06/2020","22"
"Andalucia","26/06/2020","18"
"Andalucia","27/06/2020","14"
"Andalucia","28/06/2020","27"
"Andalucia","29/06/2020","22"
"Andalucia","30/06/2020","24"
"Andalucia","01/07/2020","20"
"Andalucia","02/07/2020","14"
"Andalucia","03/07/2020","24"
"Andalucia","04/07/2020","25"
"Andalucia","05/07/2020","15"
"Andalucia","06/07/2020","19"
"Andalucia","07/07/2020","28"
"Andalucia","08/07/2020","48"
"Andalucia","09/07/2020","36"
"Andalucia","10/07/2020","58"
"Andalucia","11/07/2020","40"
"Andalucia","12/07/2020","19"
"Andalucia","13/07/2020","21"
"Andalucia","14/07/2020","68"
"Andalucia","15/07/2020","45"
"Andalucia","16/07/2020","25"
"Murcia","31/01/2020","0"
"Murcia","01/02/2020","0"
"Murcia","02/02/2020","0"
"Murcia","03/02/2020","0"
"Murcia","04/02/2020","0"
"Murcia","05/02/2020","2"
"Murcia","06/02/2020","0"
"Murcia","07/02/2020","0"
"Murcia","08/02/2020","0"
"Murcia","09/02/2020","0"
"Murcia","10/02/2020","1"
"Murcia","11/02/2020","0"
"Murcia","12/02/2020","0"
"Murcia","13/02/2020","0"
"Murcia","14/02/2020","1"
"Murcia","15/02/2020","0"
"Murcia","16/02/2020","0"
"Murcia","17/02/2020","3"
"Murcia","18/02/2020","1"
"Murcia","19/02/2020","1"
"Murcia","20/02/2020","0"
"Murcia","21/02/2020","0"
"Murcia","22/02/2020","1"
"Murcia","23/02/2020","1"
"Murcia","24/02/2020","2"
"Murcia","25/02/2020","3"
"Murcia","26/02/2020","1"
"Murcia","27/02/2020","1"
"Murcia","28/02/2020","3"
"Murcia","29/02/2020","3"
"Murcia","01/03/2020","5"
"Murcia","02/03/2020","8"
"Murcia","03/03/2020","6"
"Murcia","04/03/2020","11"
"Murcia","05/03/2020","14"
"Murcia","06/03/2020","13"
"Murcia","07/03/2020","20"
"Murcia","08/03/2020","19"
"Murcia","09/03/2020","34"
"Murcia","10/03/2020","65"
"Murcia","11/03/2020","74"
"Murcia","12/03/2020","62"
"Murcia","13/03/2020","104"
"Murcia","14/03/2020","108"
"Murcia","15/03/2020","97"
"Murcia","16/03/2020","130"
"Murcia","17/03/2020","103"
"Murcia","18/03/2020","122"
"Murcia","19/03/2020","120"
"Murcia","20/03/2020","122"
"Murcia","21/03/2020","83"
"Murcia","22/03/2020","79"
"Murcia","23/03/2020","128"
"Murcia","24/03/2020","78"
"Murcia","25/03/2020","84"
"Murcia","26/03/2020","47"
"Murcia","27/03/2020","52"
"Murcia","28/03/2020","40"
"Murcia","29/03/2020","35"
"Murcia","30/03/2020","41"
"Murcia","31/03/2020","30"
"Murcia","01/04/2020","28"
"Murcia","02/04/2020","30"
"Murcia","03/04/2020","26"
"Murcia","04/04/2020","22"
"Murcia","05/04/2020","29"
"Murcia","06/04/2020","15"
"Murcia","07/04/2020","10"
"Murcia","08/04/2020","40"
"Murcia","09/04/2020","27"
"Murcia","10/04/2020","12"
"Murcia","11/04/2020","12"
"Murcia","12/04/2020","11"
"Murcia","13/04/2020","7"
"Murcia","14/04/2020","7"
"Murcia","15/04/2020","9"
"Murcia","16/04/2020","2"
"Murcia","17/04/2020","6"
"Murcia","18/04/2020","5"
"Murcia","19/04/2020","4"
"Murcia","20/04/2020","2"
"Murcia","21/04/2020","7"
"Murcia","22/04/2020","8"
"Murcia","23/04/2020","12"
"Murcia","24/04/2020","6"
"Murcia","25/04/2020","3"
"Murcia","26/04/2020","6"
"Murcia","27/04/2020","1"
"Murcia","28/04/2020","16"
"Murcia","29/04/2020","10"
"Murcia","30/04/2020","25"
"Murcia","01/05/2020","8"
"Murcia","02/05/2020","17"
"Murcia","03/05/2020","4"
"Murcia","04/05/2020","2"
"Murcia","05/05/2020","2"
"Murcia","06/05/2020","2"
"Murcia","07/05/2020","2"
"Murcia","08/05/2020","1"
"Murcia","09/05/2020","1"
"Murcia","10/05/2020","1"
"Murcia","11/05/2020","2"
"Murcia","12/05/2020","3"
"Murcia","13/05/2020","5"
"Murcia","14/05/2020","2"
"Murcia","15/05/2020","0"
"Murcia","16/05/2020","1"
"Murcia","17/05/2020","1"
"Murcia","18/05/2020","2"
"Murcia","19/05/2020","2"
"Murcia","20/05/2020","0"
"Murcia","21/05/2020","1"
"Murcia","22/05/2020","1"
"Murcia","23/05/2020","2"
"Murcia","24/05/2020","0"
"Murcia","25/05/2020","0"
"Murcia","26/05/2020","0"
"Murcia","27/05/2020","3"
"Murcia","28/05/2020","2"
"Murcia","29/05/2020","1"
"Murcia","30/05/2020","1"
"Murcia","31/05/2020","0"
"Murcia","01/06/2020","4"
"Murcia","02/06/2020","2"
"Murcia","03/06/2020","2"
"Murcia","04/06/2020","3"
"Murcia","05/06/2020","1"
"Murcia","06/06/2020","3"
"Murcia","07/06/2020","0"
"Murcia","08/06/2020","2"
"Murcia","09/06/2020","2"
"Murcia","10/06/2020","1"
"Murcia","11/06/2020","0"
"Murcia","12/06/2020","0"
"Murcia","13/06/2020","1"
"Murcia","14/06/2020","3"
"Murcia","15/06/2020","2"
"Murcia","16/06/2020","1"
"Murcia","17/06/2020","2"
"Murcia","18/06/2020","2"
"Murcia","19/06/2020","3"
"Murcia","20/06/2020","3"
"Murcia","21/06/2020","3"
"Murcia","22/06/2020","3"
"Murcia","23/06/2020","5"
"Murcia","24/06/2020","7"
"Murcia","25/06/2020","5"
"Murcia","26/06/2020","6"
"Murcia","27/06/2020","6"
"Murcia","28/06/2020","3"
"Murcia","29/06/2020","10"
"Murcia","30/06/2020","2"
"Murcia","01/07/2020","4"
"Murcia","02/07/2020","1"
"Murcia","03/07/2020","2"
"Murcia","04/07/2020","5"
"Murcia","05/07/2020","6"
"Murcia","06/07/2020","6"
"Murcia","07/07/2020","9"
"Murcia","08/07/2020","11"
"Murcia","09/07/2020","3"
"Murcia","10/07/2020","5"
"Murcia","11/07/2020","12"
"Murcia","12/07/2020","6"
"Murcia","13/07/2020","3"
"Murcia","14/07/2020","2"
"Murcia","15/07/2020","3"
"Murcia","16/07/2020","0"
"Cantabria","31/01/2020","0"
"Cantabria","01/02/2020","0"
"Cantabria","02/02/2020","0"
"Cantabria","03/02/2020","0"
"Cantabria","04/02/2020","0"
"Cantabria","05/02/2020","0"
"Cantabria","06/02/2020","0"
"Cantabria","07/02/2020","0"
"Cantabria","08/02/2020","0"
"Cantabria","09/02/2020","0"
"Cantabria","10/02/2020","0"
"Cantabria","11/02/2020","0"
"Cantabria","12/02/2020","0"
"Cantabria","13/02/2020","0"
"Cantabria","14/02/2020","0"
"Cantabria","15/02/2020","0"
"Cantabria","16/02/2020","0"
"Cantabria","17/02/2020","0"
"Cantabria","18/02/2020","0"
"Cantabria","19/02/2020","0"
"Cantabria","20/02/2020","0"
"Cantabria","21/02/2020","0"
"Cantabria","22/02/2020","0"
"Cantabria","23/02/2020","1"
"Cantabria","24/02/2020","0"
"Cantabria","25/02/2020","8"
"Cantabria","26/02/2020","0"
"Cantabria","27/02/2020","0"
"Cantabria","28/02/2020","0"
"Cantabria","29/02/2020","1"
"Cantabria","01/03/2020","1"
"Cantabria","02/03/2020","0"
"Cantabria","03/03/2020","0"
"Cantabria","04/03/2020","0"
"Cantabria","05/03/2020","0"
"Cantabria","06/03/2020","9"
"Cantabria","07/03/2020","12"
"Cantabria","08/03/2020","17"
"Cantabria","09/03/2020","9"
"Cantabria","10/03/2020","3"
"Cantabria","11/03/2020","17"
"Cantabria","12/03/2020","36"
"Cantabria","13/03/2020","54"
"Cantabria","14/03/2020","59"
"Cantabria","15/03/2020","68"
"Cantabria","16/03/2020","71"
"Cantabria","17/03/2020","76"
"Cantabria","18/03/2020","89"
"Cantabria","19/03/2020","177"
"Cantabria","20/03/2020","143"
"Cantabria","21/03/2020","99"
"Cantabria","22/03/2020","84"
"Cantabria","23/03/2020","87"
"Cantabria","24/03/2020","57"
"Cantabria","25/03/2020","57"
"Cantabria","26/03/2020","39"
"Cantabria","27/03/2020","74"
"Cantabria","28/03/2020","68"
"Cantabria","29/03/2020","39"
"Cantabria","30/03/2020","27"
"Cantabria","31/03/2020","33"
"Cantabria","01/04/2020","72"
"Cantabria","02/04/2020","53"
"Cantabria","03/04/2020","34"
"Cantabria","04/04/2020","62"
"Cantabria","05/04/2020","25"
"Cantabria","06/04/2020","28"
"Cantabria","07/04/2020","13"
"Cantabria","08/04/2020","26"
"Cantabria","09/04/2020","23"
"Cantabria","10/04/2020","29"
"Cantabria","11/04/2020","24"
"Cantabria","12/04/2020","46"
"Cantabria","13/04/2020","35"
"Cantabria","14/04/2020","14"
"Cantabria","15/04/2020","17"
"Cantabria","16/04/2020","18"
"Cantabria","17/04/2020","27"
"Cantabria","18/04/2020","13"
"Cantabria","19/04/2020","15"
"Cantabria","20/04/2020","24"
"Cantabria","21/04/2020","10"
"Cantabria","22/04/2020","26"
"Cantabria","23/04/2020","26"
"Cantabria","24/04/2020","13"
"Cantabria","25/04/2020","12"
"Cantabria","26/04/2020","4"
"Cantabria","27/04/2020","2"
"Cantabria","28/04/2020","5"
"Cantabria","29/04/2020","4"
"Cantabria","30/04/2020","12"
"Cantabria","01/05/2020","16"
"Cantabria","02/05/2020","0"
"Cantabria","03/05/2020","3"
"Cantabria","04/05/2020","1"
"Cantabria","05/05/2020","6"
"Cantabria","06/05/2020","0"
"Cantabria","07/05/2020","0"
"Cantabria","08/05/2020","2"
"Cantabria","09/05/2020","1"
"Cantabria","10/05/2020","2"
"Cantabria","11/05/2020","7"
"Cantabria","12/05/2020","7"
"Cantabria","13/05/2020","2"
"Cantabria","14/05/2020","2"
"Cantabria","15/05/2020","2"
"Cantabria","16/05/2020","4"
"Cantabria","17/05/2020","0"
"Cantabria","18/05/2020","2"
"Cantabria","19/05/2020","2"
"Cantabria","20/05/2020","0"
"Cantabria","21/05/2020","3"
"Cantabria","22/05/2020","1"
"Cantabria","23/05/2020","2"
"Cantabria","24/05/2020","0"
"Cantabria","25/05/2020","1"
"Cantabria","26/05/2020","4"
"Cantabria","27/05/2020","2"
"Cantabria","28/05/2020","1"
"Cantabria","29/05/2020","3"
"Cantabria","30/05/2020","2"
"Cantabria","31/05/2020","1"
"Cantabria","01/06/2020","4"
"Cantabria","02/06/2020","2"
"Cantabria","03/06/2020","0"
"Cantabria","04/06/2020","1"
"Cantabria","05/06/2020","2"
"Cantabria","06/06/2020","0"
"Cantabria","07/06/2020","3"
"Cantabria","08/06/2020","1"
"Cantabria","09/06/2020","0"
"Cantabria","10/06/2020","1"
"Cantabria","11/06/2020","3"
"Cantabria","12/06/2020","2"
"Cantabria","13/06/2020","1"
"Cantabria","14/06/2020","2"
"Cantabria","15/06/2020","1"
"Cantabria","16/06/2020","2"
"Cantabria","17/06/2020","3"
"Cantabria","18/06/2020","5"
"Cantabria","19/06/2020","0"
"Cantabria","20/06/2020","3"
"Cantabria","21/06/2020","2"
"Cantabria","22/06/2020","1"
"Cantabria","23/06/2020","2"
"Cantabria","24/06/2020","2"
"Cantabria","25/06/2020","0"
"Cantabria","26/06/2020","3"
"Cantabria","27/06/2020","2"
"Cantabria","28/06/2020","0"
"Cantabria","29/06/2020","0"
"Cantabria","30/06/2020","1"
"Cantabria","01/07/2020","1"
"Cantabria","02/07/2020","0"
"Cantabria","03/07/2020","3"
"Cantabria","04/07/2020","0"
"Cantabria","05/07/2020","2"
"Cantabria","06/07/2020","0"
"Cantabria","07/07/2020","0"
"Cantabria","08/07/2020","2"
"Cantabria","09/07/2020","1"
"Cantabria","10/07/2020","1"
"Cantabria","11/07/2020","1"
"Cantabria","12/07/2020","2"
"Cantabria","13/07/2020","1"
"Cantabria","14/07/2020","2"
"Cantabria","15/07/2020","2"
"Cantabria","16/07/2020","0"
"Navarra","31/01/2020","0"
"Navarra","01/02/2020","0"
"Navarra","02/02/2020","0"
"Navarra","03/02/2020","0"
"Navarra","04/02/2020","1"
"Navarra","05/02/2020","0"
"Navarra","06/02/2020","0"
"Navarra","07/02/2020","0"
"Navarra","08/02/2020","0"
"Navarra","09/02/2020","0"
"Navarra","10/02/2020","1"
"Navarra","11/02/2020","0"
"Navarra","12/02/2020","0"
"Navarra","13/02/2020","0"
"Navarra","14/02/2020","0"
"Navarra","15/02/2020","0"
"Navarra","16/02/2020","0"
"Navarra","17/02/2020","0"
"Navarra","18/02/2020","0"
"Navarra","19/02/2020","0"
"Navarra","20/02/2020","1"
"Navarra","21/02/2020","2"
"Navarra","22/02/2020","1"
"Navarra","23/02/2020","1"
"Navarra","24/02/2020","3"
"Navarra","25/02/2020","4"
"Navarra","26/02/2020","5"
"Navarra","27/02/2020","5"
"Navarra","28/02/2020","3"
"Navarra","29/02/2020","5"
"Navarra","01/03/2020","13"
"Navarra","02/03/2020","14"
"Navarra","03/03/2020","18"
"Navarra","04/03/2020","22"
"Navarra","05/03/2020","28"
"Navarra","06/03/2020","26"
"Navarra","07/03/2020","49"
"Navarra","08/03/2020","51"
"Navarra","09/03/2020","97"
"Navarra","10/03/2020","109"
"Navarra","11/03/2020","129"
"Navarra","12/03/2020","178"
"Navarra","13/03/2020","208"
"Navarra","14/03/2020","176"
"Navarra","15/03/2020","252"
"Navarra","16/03/2020","270"
"Navarra","17/03/2020","267"
"Navarra","18/03/2020","247"
"Navarra","19/03/2020","232"
"Navarra","20/03/2020","322"
"Navarra","21/03/2020","205"
"Navarra","22/03/2020","194"
"Navarra","23/03/2020","235"
"Navarra","24/03/2020","274"
"Navarra","25/03/2020","242"
"Navarra","26/03/2020","166"
"Navarra","27/03/2020","158"
"Navarra","28/03/2020","138"
"Navarra","29/03/2020","96"
"Navarra","30/03/2020","243"
"Navarra","31/03/2020","149"
"Navarra","01/04/2020","231"
"Navarra","02/04/2020","143"
"Navarra","03/04/2020","138"
"Navarra","04/04/2020","88"
"Navarra","05/04/2020","99"
"Navarra","06/04/2020","149"
"Navarra","07/04/2020","118"
"Navarra","08/04/2020","118"
"Navarra","09/04/2020","111"
"Navarra","10/04/2020","106"
"Navarra","11/04/2020","84"
"Navarra","12/04/2020","90"
"Navarra","13/04/2020","86"
"Navarra","14/04/2020","100"
"Navarra","15/04/2020","74"
"Navarra","16/04/2020","60"
"Navarra","17/04/2020","86"
"Navarra","18/04/2020","64"
"Navarra","19/04/2020","46"
"Navarra","20/04/2020","61"
"Navarra","21/04/2020","30"
"Navarra","22/04/2020","53"
"Navarra","23/04/2020","56"
"Navarra","24/04/2020","62"
"Navarra","25/04/2020","39"
"Navarra","26/04/2020","11"
"Navarra","27/04/2020","23"
"Navarra","28/04/2020","32"
"Navarra","29/04/2020","49"
"Navarra","30/04/2020","56"
"Navarra","01/05/2020","72"
"Navarra","02/05/2020","70"
"Navarra","03/05/2020","21"
"Navarra","04/05/2020","18"
"Navarra","05/05/2020","4"
"Navarra","06/05/2020","7"
"Navarra","07/05/2020","0"
"Navarra","08/05/2020","1"
"Navarra","09/05/2020","1"
"Navarra","10/05/2020","1"
"Navarra","11/05/2020","12"
"Navarra","12/05/2020","2"
"Navarra","13/05/2020","9"
"Navarra","14/05/2020","19"
"Navarra","15/05/2020","11"
"Navarra","16/05/2020","4"
"Navarra","17/05/2020","21"
"Navarra","18/05/2020","6"
"Navarra","19/05/2020","9"
"Navarra","20/05/2020","4"
"Navarra","21/05/2020","3"
"Navarra","22/05/2020","6"
"Navarra","23/05/2020","12"
"Navarra","24/05/2020","2"
"Navarra","25/05/2020","5"
"Navarra","26/05/2020","4"
"Navarra","27/05/2020","11"
"Navarra","28/05/2020","9"
"Navarra","29/05/2020","5"
"Navarra","30/05/2020","7"
"Navarra","31/05/2020","3"
"Navarra","01/06/2020","1"
"Navarra","02/06/2020","3"
"Navarra","03/06/2020","6"
"Navarra","04/06/2020","7"
"Navarra","05/06/2020","6"
"Navarra","06/06/2020","1"
"Navarra","07/06/2020","2"
"Navarra","08/06/2020","0"
"Navarra","09/06/2020","4"
"Navarra","10/06/2020","4"
"Navarra","11/06/2020","2"
"Navarra","12/06/2020","1"
"Navarra","13/06/2020","1"
"Navarra","14/06/2020","2"
"Navarra","15/06/2020","4"
"Navarra","16/06/2020","12"
"Navarra","17/06/2020","3"
"Navarra","18/06/2020","6"
"Navarra","19/06/2020","7"
"Navarra","20/06/2020","5"
"Navarra","21/06/2020","18"
"Navarra","22/06/2020","16"
"Navarra","23/06/2020","11"
"Navarra","24/06/2020","8"
"Navarra","25/06/2020","5"
"Navarra","26/06/2020","5"
"Navarra","27/06/2020","7"
"Navarra","28/06/2020","3"
"Navarra","29/06/2020","1"
"Navarra","30/06/2020","2"
"Navarra","01/07/2020","6"
"Navarra","02/07/2020","4"
"Navarra","03/07/2020","6"
"Navarra","04/07/2020","5"
"Navarra","05/07/2020","0"
"Navarra","06/07/2020","10"
"Navarra","07/07/2020","12"
"Navarra","08/07/2020","8"
"Navarra","09/07/2020","29"
"Navarra","10/07/2020","16"
"Navarra","11/07/2020","28"
"Navarra","12/07/2020","18"
"Navarra","13/07/2020","13"
"Navarra","14/07/2020","3"
"Navarra","15/07/2020","1"
"Navarra","16/07/2020","0"
"Extremadura","31/01/2020","0"
"Extremadura","01/02/2020","0"
"Extremadura","02/02/2020","2"
"Extremadura","03/02/2020","0"
"Extremadura","04/02/2020","0"
"Extremadura","05/02/2020","0"
"Extremadura","06/02/2020","0"
"Extremadura","07/02/2020","0"
"Extremadura","08/02/2020","1"
"Extremadura","09/02/2020","0"
"Extremadura","10/02/2020","0"
"Extremadura","11/02/2020","0"
"Extremadura","12/02/2020","0"
"Extremadura","13/02/2020","1"
"Extremadura","14/02/2020","1"
"Extremadura","15/02/2020","2"
"Extremadura","16/02/2020","0"
"Extremadura","17/02/2020","1"
"Extremadura","18/02/2020","0"
"Extremadura","19/02/2020","1"
"Extremadura","20/02/2020","1"
"Extremadura","21/02/2020","1"
"Extremadura","22/02/2020","0"
"Extremadura","23/02/2020","0"
"Extremadura","24/02/2020","0"
"Extremadura","25/02/2020","5"
"Extremadura","26/02/2020","1"
"Extremadura","27/02/2020","3"
"Extremadura","28/02/2020","8"
"Extremadura","29/02/2020","4"
"Extremadura","01/03/2020","5"
"Extremadura","02/03/2020","7"
"Extremadura","03/03/2020","9"
"Extremadura","04/03/2020","9"
"Extremadura","05/03/2020","6"
"Extremadura","06/03/2020","20"
"Extremadura","07/03/2020","15"
"Extremadura","08/03/2020","19"
"Extremadura","09/03/2020","38"
"Extremadura","10/03/2020","44"
"Extremadura","11/03/2020","74"
"Extremadura","12/03/2020","87"
"Extremadura","13/03/2020","94"
"Extremadura","14/03/2020","89"
"Extremadura","15/03/2020","86"
"Extremadura","16/03/2020","117"
"Extremadura","17/03/2020","107"
"Extremadura","18/03/2020","127"
"Extremadura","19/03/2020","126"
"Extremadura","20/03/2020","173"
"Extremadura","21/03/2020","131"
"Extremadura","22/03/2020","131"
"Extremadura","23/03/2020","245"
"Extremadura","24/03/2020","160"
"Extremadura","25/03/2020","153"
"Extremadura","26/03/2020","138"
"Extremadura","27/03/2020","109"
"Extremadura","28/03/2020","96"
"Extremadura","29/03/2020","62"
"Extremadura","30/03/2020","107"
"Extremadura","31/03/2020","61"
"Extremadura","01/04/2020","134"
"Extremadura","02/04/2020","76"
"Extremadura","03/04/2020","104"
"Extremadura","04/04/2020","75"
"Extremadura","05/04/2020","53"
"Extremadura","06/04/2020","78"
"Extremadura","07/04/2020","72"
"Extremadura","08/04/2020","83"
"Extremadura","09/04/2020","76"
"Extremadura","10/04/2020","98"
"Extremadura","11/04/2020","71"
"Extremadura","12/04/2020","47"
"Extremadura","13/04/2020","68"
"Extremadura","14/04/2020","87"
"Extremadura","15/04/2020","97"
"Extremadura","16/04/2020","69"
"Extremadura","17/04/2020","101"
"Extremadura","18/04/2020","90"
"Extremadura","19/04/2020","48"
"Extremadura","20/04/2020","49"
"Extremadura","21/04/2020","69"
"Extremadura","22/04/2020","85"
"Extremadura","23/04/2020","84"
"Extremadura","24/04/2020","112"
"Extremadura","25/04/2020","87"
"Extremadura","26/04/2020","24"
"Extremadura","27/04/2020","20"
"Extremadura","28/04/2020","26"
"Extremadura","29/04/2020","59"
"Extremadura","30/04/2020","86"
"Extremadura","01/05/2020","97"
"Extremadura","02/05/2020","58"
"Extremadura","03/05/2020","11"
"Extremadura","04/05/2020","20"
"Extremadura","05/05/2020","41"
"Extremadura","06/05/2020","36"
"Extremadura","07/05/2020","50"
"Extremadura","08/05/2020","33"
"Extremadura","09/05/2020","52"
"Extremadura","10/05/2020","5"
"Extremadura","11/05/2020","9"
"Extremadura","12/05/2020","38"
"Extremadura","13/05/2020","38"
"Extremadura","14/05/2020","23"
"Extremadura","15/05/2020","24"
"Extremadura","16/05/2020","21"
"Extremadura","17/05/2020","5"
"Extremadura","18/05/2020","4"
"Extremadura","19/05/2020","11"
"Extremadura","20/05/2020","14"
"Extremadura","21/05/2020","9"
"Extremadura","22/05/2020","11"
"Extremadura","23/05/2020","7"
"Extremadura","24/05/2020","5"
"Extremadura","25/05/2020","5"
"Extremadura","26/05/2020","13"
"Extremadura","27/05/2020","8"
"Extremadura","28/05/2020","0"
"Extremadura","29/05/2020","8"
"Extremadura","30/05/2020","8"
"Extremadura","31/05/2020","2"
"Extremadura","01/06/2020","4"
"Extremadura","02/06/2020","10"
"Extremadura","03/06/2020","6"
"Extremadura","04/06/2020","4"
"Extremadura","05/06/2020","0"
"Extremadura","06/06/2020","0"
"Extremadura","07/06/2020","4"
"Extremadura","08/06/2020","1"
"Extremadura","09/06/2020","2"
"Extremadura","10/06/2020","1"
"Extremadura","11/06/2020","0"
"Extremadura","12/06/2020","1"
"Extremadura","13/06/2020","1"
"Extremadura","14/06/2020","0"
"Extremadura","15/06/2020","5"
"Extremadura","16/06/2020","2"
"Extremadura","17/06/2020","7"
"Extremadura","18/06/2020","4"
"Extremadura","19/06/2020","2"
"Extremadura","20/06/2020","1"
"Extremadura","21/06/2020","5"
"Extremadura","22/06/2020","1"
"Extremadura","23/06/2020","6"
"Extremadura","24/06/2020","1"
"Extremadura","25/06/2020","4"
"Extremadura","26/06/2020","0"
"Extremadura","27/06/2020","5"
"Extremadura","28/06/2020","3"
"Extremadura","29/06/2020","5"
"Extremadura","30/06/2020","7"
"Extremadura","01/07/2020","9"
"Extremadura","02/07/2020","4"
"Extremadura","03/07/2020","8"
"Extremadura","04/07/2020","4"
"Extremadura","05/07/2020","6"
"Extremadura","06/07/2020","2"
"Extremadura","07/07/2020","13"
"Extremadura","08/07/2020","5"
"Extremadura","09/07/2020","23"
"Extremadura","10/07/2020","45"
"Extremadura","11/07/2020","17"
"Extremadura","12/07/2020","12"
"Extremadura","13/07/2020","12"
"Extremadura","14/07/2020","3"
"Extremadura","15/07/2020","8"
"Extremadura","16/07/2020","0"
"Castilla Leon","31/01/2020","0"
"Castilla Leon","01/02/2020","0"
"Castilla Leon","02/02/2020","0"
"Castilla Leon","03/02/2020","1"
"Castilla Leon","04/02/2020","1"
"Castilla Leon","05/02/2020","1"
"Castilla Leon","06/02/2020","0"
"Castilla Leon","07/02/2020","1"
"Castilla Leon","08/02/2020","0"
"Castilla Leon","09/02/2020","0"
"Castilla Leon","10/02/2020","1"
"Castilla Leon","11/02/2020","1"
"Castilla Leon","12/02/2020","2"
"Castilla Leon","13/02/2020","3"
"Castilla Leon","14/02/2020","1"
"Castilla Leon","15/02/2020","0"
"Castilla Leon","16/02/2020","0"
"Castilla Leon","17/02/2020","0"
"Castilla Leon","18/02/2020","1"
"Castilla Leon","19/02/2020","1"
"Castilla Leon","20/02/2020","3"
"Castilla Leon","21/02/2020","5"
"Castilla Leon","22/02/2020","2"
"Castilla Leon","23/02/2020","5"
"Castilla Leon","24/02/2020","5"
"Castilla Leon","25/02/2020","6"
"Castilla Leon","26/02/2020","8"
"Castilla Leon","27/02/2020","7"
"Castilla Leon","28/02/2020","11"
"Castilla Leon","29/02/2020","10"
"Castilla Leon","01/03/2020","32"
"Castilla Leon","02/03/2020","44"
"Castilla Leon","03/03/2020","29"
"Castilla Leon","04/03/2020","35"
"Castilla Leon","05/03/2020","55"
"Castilla Leon","06/03/2020","57"
"Castilla Leon","07/03/2020","83"
"Castilla Leon","08/03/2020","80"
"Castilla Leon","09/03/2020","167"
"Castilla Leon","10/03/2020","213"
"Castilla Leon","11/03/2020","257"
"Castilla Leon","12/03/2020","344"
"Castilla Leon","13/03/2020","505"
"Castilla Leon","14/03/2020","521"
"Castilla Leon","15/03/2020","538"
"Castilla Leon","16/03/2020","779"
"Castilla Leon","17/03/2020","730"
"Castilla Leon","18/03/2020","815"
"Castilla Leon","19/03/2020","866"
"Castilla Leon","20/03/2020","954"
"Castilla Leon","21/03/2020","765"
"Castilla Leon","22/03/2020","707"
"Castilla Leon","23/03/2020","769"
"Castilla Leon","24/03/2020","664"
"Castilla Leon","25/03/2020","694"
"Castilla Leon","26/03/2020","555"
"Castilla Leon","27/03/2020","524"
"Castilla Leon","28/03/2020","523"
"Castilla Leon","29/03/2020","423"
"Castilla Leon","30/03/2020","496"
"Castilla Leon","31/03/2020","399"
"Castilla Leon","01/04/2020","561"
"Castilla Leon","02/04/2020","518"
"Castilla Leon","03/04/2020","566"
"Castilla Leon","04/04/2020","569"
"Castilla Leon","05/04/2020","390"
"Castilla Leon","06/04/2020","594"
"Castilla Leon","07/04/2020","429"
"Castilla Leon","08/04/2020","507"
"Castilla Leon","09/04/2020","537"
"Castilla Leon","10/04/2020","558"
"Castilla Leon","11/04/2020","481"
"Castilla Leon","12/04/2020","326"
"Castilla Leon","13/04/2020","511"
"Castilla Leon","14/04/2020","460"
"Castilla Leon","15/04/2020","342"
"Castilla Leon","16/04/2020","297"
"Castilla Leon","17/04/2020","204"
"Castilla Leon","18/04/2020","171"
"Castilla Leon","19/04/2020","217"
"Castilla Leon","20/04/2020","260"
"Castilla Leon","21/04/2020","278"
"Castilla Leon","22/04/2020","255"
"Castilla Leon","23/04/2020","212"
"Castilla Leon","24/04/2020","292"
"Castilla Leon","25/04/2020","139"
"Castilla Leon","26/04/2020","108"
"Castilla Leon","27/04/2020","132"
"Castilla Leon","28/04/2020","323"
"Castilla Leon","29/04/2020","244"
"Castilla Leon","30/04/2020","235"
"Castilla Leon","01/05/2020","336"
"Castilla Leon","02/05/2020","344"
"Castilla Leon","03/05/2020","113"
"Castilla Leon","04/05/2020","92"
"Castilla Leon","05/05/2020","43"
"Castilla Leon","06/05/2020","27"
"Castilla Leon","07/05/2020","30"
"Castilla Leon","08/05/2020","30"
"Castilla Leon","09/05/2020","14"
"Castilla Leon","10/05/2020","12"
"Castilla Leon","11/05/2020","27"
"Castilla Leon","12/05/2020","34"
"Castilla Leon","13/05/2020","57"
"Castilla Leon","14/05/2020","39"
"Castilla Leon","15/05/2020","35"
"Castilla Leon","16/05/2020","30"
"Castilla Leon","17/05/2020","5"
"Castilla Leon","18/05/2020","32"
"Castilla Leon","19/05/2020","35"
"Castilla Leon","20/05/2020","27"
"Castilla Leon","21/05/2020","39"
"Castilla Leon","22/05/2020","40"
"Castilla Leon","23/05/2020","16"
"Castilla Leon","24/05/2020","12"
"Castilla Leon","25/05/2020","34"
"Castilla Leon","26/05/2020","46"
"Castilla Leon","27/05/2020","25"
"Castilla Leon","28/05/2020","44"
"Castilla Leon","29/05/2020","42"
"Castilla Leon","30/05/2020","36"
"Castilla Leon","31/05/2020","19"
"Castilla Leon","01/06/2020","28"
"Castilla Leon","02/06/2020","19"
"Castilla Leon","03/06/2020","27"
"Castilla Leon","04/06/2020","27"
"Castilla Leon","05/06/2020","36"
"Castilla Leon","06/06/2020","12"
"Castilla Leon","07/06/2020","12"
"Castilla Leon","08/06/2020","34"
"Castilla Leon","09/06/2020","26"
"Castilla Leon","10/06/2020","18"
"Castilla Leon","11/06/2020","17"
"Castilla Leon","12/06/2020","21"
"Castilla Leon","13/06/2020","12"
"Castilla Leon","14/06/2020","7"
"Castilla Leon","15/06/2020","15"
"Castilla Leon","16/06/2020","41"
"Castilla Leon","17/06/2020","18"
"Castilla Leon","18/06/2020","11"
"Castilla Leon","19/06/2020","14"
"Castilla Leon","20/06/2020","15"
"Castilla Leon","21/06/2020","7"
"Castilla Leon","22/06/2020","14"
"Castilla Leon","23/06/2020","30"
"Castilla Leon","24/06/2020","14"
"Castilla Leon","25/06/2020","15"
"Castilla Leon","26/06/2020","16"
"Castilla Leon","27/06/2020","13"
"Castilla Leon","28/06/2020","5"
"Castilla Leon","29/06/2020","11"
"Castilla Leon","30/06/2020","13"
"Castilla Leon","01/07/2020","10"
"Castilla Leon","02/07/2020","9"
"Castilla Leon","03/07/2020","12"
"Castilla Leon","04/07/2020","7"
"Castilla Leon","05/07/2020","3"
"Castilla Leon","06/07/2020","9"
"Castilla Leon","07/07/2020","10"
"Castilla Leon","08/07/2020","11"
"Castilla Leon","09/07/2020","7"
"Castilla Leon","10/07/2020","15"
"Castilla Leon","11/07/2020","12"
"Castilla Leon","12/07/2020","6"
"Castilla Leon","13/07/2020","21"
"Castilla Leon","14/07/2020","14"
"Castilla Leon","15/07/2020","5"
"Castilla Leon","16/07/2020","3"
"Valencia","31/01/2020","4"
"Valencia","01/02/2020","2"
"Valencia","02/02/2020","0"
"Valencia","03/02/2020","5"
"Valencia","04/02/2020","1"
"Valencia","05/02/2020","3"
"Valencia","06/02/2020","2"
"Valencia","07/02/2020","1"
"Valencia","08/02/2020","0"
"Valencia","09/02/2020","0"
"Valencia","10/02/2020","4"
"Valencia","11/02/2020","1"
"Valencia","12/02/2020","1"
"Valencia","13/02/2020","2"
"Valencia","14/02/2020","2"
"Valencia","15/02/2020","4"
"Valencia","16/02/2020","1"
"Valencia","17/02/2020","5"
"Valencia","18/02/2020","2"
"Valencia","19/02/2020","2"
"Valencia","20/02/2020","6"
"Valencia","21/02/2020","3"
"Valencia","22/02/2020","2"
"Valencia","23/02/2020","5"
"Valencia","24/02/2020","15"
"Valencia","25/02/2020","10"
"Valencia","26/02/2020","9"
"Valencia","27/02/2020","15"
"Valencia","28/02/2020","28"
"Valencia","29/02/2020","17"
"Valencia","01/03/2020","44"
"Valencia","02/03/2020","46"
"Valencia","03/03/2020","37"
"Valencia","04/03/2020","37"
"Valencia","05/03/2020","56"
"Valencia","06/03/2020","78"
"Valencia","07/03/2020","80"
"Valencia","08/03/2020","118"
"Valencia","09/03/2020","186"
"Valencia","10/03/2020","305"
"Valencia","11/03/2020","294"
"Valencia","12/03/2020","389"
"Valencia","13/03/2020","498"
"Valencia","14/03/2020","496"
"Valencia","15/03/2020","529"
"Valencia","16/03/2020","633"
"Valencia","17/03/2020","558"
"Valencia","18/03/2020","534"
"Valencia","19/03/2020","495"
"Valencia","20/03/2020","572"
"Valencia","21/03/2020","452"
"Valencia","22/03/2020","397"
"Valencia","23/03/2020","485"
"Valencia","24/03/2020","339"
"Valencia","25/03/2020","411"
"Valencia","26/03/2020","309"
"Valencia","27/03/2020","333"
"Valencia","28/03/2020","245"
"Valencia","29/03/2020","217"
"Valencia","30/03/2020","256"
"Valencia","31/03/2020","181"
"Valencia","01/04/2020","240"
"Valencia","02/04/2020","217"
"Valencia","03/04/2020","215"
"Valencia","04/04/2020","142"
"Valencia","05/04/2020","122"
"Valencia","06/04/2020","180"
"Valencia","07/04/2020","171"
"Valencia","08/04/2020","170"
"Valencia","09/04/2020","173"
"Valencia","10/04/2020","141"
"Valencia","11/04/2020","133"
"Valencia","12/04/2020","83"
"Valencia","13/04/2020","99"
"Valencia","14/04/2020","98"
"Valencia","15/04/2020","151"
"Valencia","16/04/2020","130"
"Valencia","17/04/2020","157"
"Valencia","18/04/2020","198"
"Valencia","19/04/2020","71"
"Valencia","20/04/2020","71"
"Valencia","21/04/2020","178"
"Valencia","22/04/2020","156"
"Valencia","23/04/2020","191"
"Valencia","24/04/2020","230"
"Valencia","25/04/2020","106"
"Valencia","26/04/2020","38"
"Valencia","27/04/2020","51"
"Valencia","28/04/2020","120"
"Valencia","29/04/2020","138"
"Valencia","30/04/2020","114"
"Valencia","01/05/2020","94"
"Valencia","02/05/2020","110"
"Valencia","03/05/2020","45"
"Valencia","04/05/2020","28"
"Valencia","05/05/2020","20"
"Valencia","06/05/2020","15"
"Valencia","07/05/2020","13"
"Valencia","08/05/2020","12"
"Valencia","09/05/2020","8"
"Valencia","10/05/2020","8"
"Valencia","11/05/2020","21"
"Valencia","12/05/2020","18"
"Valencia","13/05/2020","12"
"Valencia","14/05/2020","19"
"Valencia","15/05/2020","13"
"Valencia","16/05/2020","8"
"Valencia","17/05/2020","7"
"Valencia","18/05/2020","10"
"Valencia","19/05/2020","13"
"Valencia","20/05/2020","14"
"Valencia","21/05/2020","7"
"Valencia","22/05/2020","17"
"Valencia","23/05/2020","7"
"Valencia","24/05/2020","10"
"Valencia","25/05/2020","5"
"Valencia","26/05/2020","13"
"Valencia","27/05/2020","16"
"Valencia","28/05/2020","9"
"Valencia","29/05/2020","8"
"Valencia","30/05/2020","5"
"Valencia","31/05/2020","7"
"Valencia","01/06/2020","13"
"Valencia","02/06/2020","19"
"Valencia","03/06/2020","11"
"Valencia","04/06/2020","9"
"Valencia","05/06/2020","8"
"Valencia","06/06/2020","8"
"Valencia","07/06/2020","7"
"Valencia","08/06/2020","5"
"Valencia","09/06/2020","8"
"Valencia","10/06/2020","3"
"Valencia","11/06/2020","10"
"Valencia","12/06/2020","11"
"Valencia","13/06/2020","3"
"Valencia","14/06/2020","1"
"Valencia","15/06/2020","11"
"Valencia","16/06/2020","10"
"Valencia","17/06/2020","8"
"Valencia","18/06/2020","8"
"Valencia","19/06/2020","10"
"Valencia","20/06/2020","5"
"Valencia","21/06/2020","9"
"Valencia","22/06/2020","7"
"Valencia","23/06/2020","11"
"Valencia","24/06/2020","6"
"Valencia","25/06/2020","7"
"Valencia","26/06/2020","12"
"Valencia","27/06/2020","13"
"Valencia","28/06/2020","13"
"Valencia","29/06/2020","17"
"Valencia","30/06/2020","16"
"Valencia","01/07/2020","19"
"Valencia","02/07/2020","20"
"Valencia","03/07/2020","13"
"Valencia","04/07/2020","6"
"Valencia","05/07/2020","10"
"Valencia","06/07/2020","17"
"Valencia","07/07/2020","21"
"Valencia","08/07/2020","24"
"Valencia","09/07/2020","18"
"Valencia","10/07/2020","24"
"Valencia","11/07/2020","21"
"Valencia","12/07/2020","8"
"Valencia","13/07/2020","13"
"Valencia","14/07/2020","14"
"Valencia","15/07/2020","17"
"Valencia","16/07/2020","12"
"Ceuta","31/01/2020","0"
"Ceuta","01/02/2020","0"
"Ceuta","02/02/2020","0"
"Ceuta","03/02/2020","0"
"Ceuta","04/02/2020","0"
"Ceuta","05/02/2020","1"
"Ceuta","06/02/2020","0"
"Ceuta","07/02/2020","0"
"Ceuta","08/02/2020","0"
"Ceuta","09/02/2020","0"
"Ceuta","10/02/2020","0"
"Ceuta","11/02/2020","0"
"Ceuta","12/02/2020","0"
"Ceuta","13/02/2020","1"
"Ceuta","14/02/2020","0"
"Ceuta","15/02/2020","0"
"Ceuta","16/02/2020","0"
"Ceuta","17/02/2020","0"
"Ceuta","18/02/2020","0"
"Ceuta","19/02/2020","0"
"Ceuta","20/02/2020","0"
"Ceuta","21/02/2020","0"
"Ceuta","22/02/2020","0"
"Ceuta","23/02/2020","0"
"Ceuta","24/02/2020","0"
"Ceuta","25/02/2020","0"
"Ceuta","26/02/2020","0"
"Ceuta","27/02/2020","0"
"Ceuta","28/02/2020","0"
"Ceuta","29/02/2020","0"
"Ceuta","01/03/2020","0"
"Ceuta","02/03/2020","0"
"Ceuta","03/03/2020","2"
"Ceuta","04/03/2020","0"
"Ceuta","05/03/2020","1"
"Ceuta","06/03/2020","0"
"Ceuta","07/03/2020","0"
"Ceuta","08/03/2020","1"
"Ceuta","09/03/2020","1"
"Ceuta","10/03/2020","1"
"Ceuta","11/03/2020","3"
"Ceuta","12/03/2020","1"
"Ceuta","13/03/2020","6"
"Ceuta","14/03/2020","4"
"Ceuta","15/03/2020","2"
"Ceuta","16/03/2020","6"
"Ceuta","17/03/2020","5"
"Ceuta","18/03/2020","6"
"Ceuta","19/03/2020","5"
"Ceuta","20/03/2020","7"
"Ceuta","21/03/2020","7"
"Ceuta","22/03/2020","7"
"Ceuta","23/03/2020","9"
"Ceuta","24/03/2020","8"
"Ceuta","25/03/2020","9"
"Ceuta","26/03/2020","5"
"Ceuta","27/03/2020","2"
"Ceuta","28/03/2020","5"
"Ceuta","29/03/2020","7"
"Ceuta","30/03/2020","5"
"Ceuta","31/03/2020","2"
"Ceuta","01/04/2020","8"
"Ceuta","02/04/2020","2"
"Ceuta","03/04/2020","2"
"Ceuta","04/04/2020","2"
"Ceuta","05/04/2020","2"
"Ceuta","06/04/2020","3"
"Ceuta","07/04/2020","2"
"Ceuta","08/04/2020","1"
"Ceuta","09/04/2020","3"
"Ceuta","10/04/2020","1"
"Ceuta","11/04/2020","2"
"Ceuta","12/04/2020","0"
"Ceuta","13/04/2020","2"
"Ceuta","14/04/2020","0"
"Ceuta","15/04/2020","0"
"Ceuta","16/04/2020","1"
"Ceuta","17/04/2020","1"
"Ceuta","18/04/2020","1"
"Ceuta","19/04/2020","0"
"Ceuta","20/04/2020","1"
"Ceuta","21/04/2020","2"
"Ceuta","22/04/2020","3"
"Ceuta","23/04/2020","3"
"Ceuta","24/04/2020","1"
"Ceuta","25/04/2020","1"
"Ceuta","26/04/2020","0"
"Ceuta","27/04/2020","1"
"Ceuta","28/04/2020","2"
"Ceuta","29/04/2020","4"
"Ceuta","30/04/2020","0"
"Ceuta","01/05/2020","1"
"Ceuta","02/05/2020","2"
"Ceuta","03/05/2020","0"
"Ceuta","04/05/2020","0"
"Ceuta","05/05/2020","0"
"Ceuta","06/05/2020","1"
"Ceuta","07/05/2020","1"
"Ceuta","08/05/2020","0"
"Ceuta","09/05/2020","0"
"Ceuta","10/05/2020","0"
"Ceuta","11/05/2020","1"
"Ceuta","12/05/2020","2"
"Ceuta","13/05/2020","0"
"Ceuta","14/05/2020","0"
"Ceuta","15/05/2020","0"
"Ceuta","16/05/2020","1"
"Ceuta","17/05/2020","0"
"Ceuta","18/05/2020","2"
"Ceuta","19/05/2020","3"
"Ceuta","20/05/2020","1"
"Ceuta","21/05/2020","1"
"Ceuta","22/05/2020","0"
"Ceuta","23/05/2020","5"
"Ceuta","24/05/2020","2"
"Ceuta","25/05/2020","5"
"Ceuta","26/05/2020","1"
"Ceuta","27/05/2020","2"
"Ceuta","28/05/2020","5"
"Ceuta","29/05/2020","2"
"Ceuta","30/05/2020","3"
"Ceuta","31/05/2020","1"
"Ceuta","01/06/2020","4"
"Ceuta","02/06/2020","2"
"Ceuta","03/06/2020","4"
"Ceuta","04/06/2020","0"
"Ceuta","05/06/2020","0"
"Ceuta","06/06/2020","0"
"Ceuta","07/06/2020","0"
"Ceuta","08/06/2020","0"
"Ceuta","09/06/2020","0"
"Ceuta","10/06/2020","0"
"Ceuta","11/06/2020","0"
"Ceuta","12/06/2020","0"
"Ceuta","13/06/2020","0"
"Ceuta","14/06/2020","0"
"Ceuta","15/06/2020","0"
"Ceuta","16/06/2020","0"
"Ceuta","17/06/2020","0"
"Ceuta","18/06/2020","0"
"Ceuta","19/06/2020","0"
"Ceuta","20/06/2020","0"
"Ceuta","21/06/2020","0"
"Ceuta","22/06/2020","0"
"Ceuta","23/06/2020","0"
"Ceuta","24/06/2020","0"
"Ceuta","25/06/2020","0"
"Ceuta","26/06/2020","0"
"Ceuta","27/06/2020","0"
"Ceuta","28/06/2020","0"
"Ceuta","29/06/2020","0"
"Ceuta","30/06/2020","0"
"Ceuta","01/07/2020","0"
"Ceuta","02/07/2020","0"
"Ceuta","03/07/2020","0"
"Ceuta","04/07/2020","0"
"Ceuta","05/07/2020","0"
"Ceuta","06/07/2020","0"
"Ceuta","07/07/2020","0"
"Ceuta","08/07/2020","0"
"Ceuta","09/07/2020","0"
"Ceuta","10/07/2020","0"
"Ceuta","11/07/2020","0"
"Ceuta","12/07/2020","0"
"Ceuta","13/07/2020","0"
"Ceuta","14/07/2020","1"
"Ceuta","15/07/2020","0"
"Ceuta","16/07/2020","0"
